id,happiness
8001,3.843934314
8002,2.905524128
8003,3.317636926
8004,4.314398529
8005,3.360072796
8006,4.211974257
8007,3.953029591
8008,4.495190119
8009,4.006544559
8010,2.864523026
8011,3.066793781
8012,3.796187101
8013,4.083165061
8014,3.585724605
8015,3.688708572
8016,4.446168408
8017,3.677403868
8018,4.422806885
8019,3.874632822
8020,4.081148756
8021,4.107901252
8022,3.742108446
8023,4.024579831
8024,3.585106714
8025,3.144502314
8026,4.033692361
8027,4.223255847
8028,4.07198189
8029,4.268362266
8030,4.245763365
8031,3.958449107
8032,4.114437166
8033,4.081545168
8034,3.517264732
8035,3.539584008
8036,4.618929578
8037,4.097995731
8038,4.126281533
8039,3.561080591
8040,4.177233574
8041,4.301724647
8042,3.805121096
8043,3.909403931
8044,3.790157087
8045,4.28959929
8046,3.967768446
8047,4.262330273
8048,4.010884334
8049,3.997999323
8050,4.410998491
8051,3.674342334
8052,4.264771304
8053,2.995815566
8054,3.942419844
8055,4.331471615
8056,2.722543407
8057,3.971484121
8058,3.418651374
8059,3.059460122
8060,4.134225678
8061,2.982748335
8062,3.506877637
8063,4.022978552
8064,4.114782862
8065,4.070423512
8066,4.211706325
8067,4.199027633
8068,4.104990764
8069,3.512723129
8070,4.13415651
8071,3.977312898
8072,4.424209739
8073,3.756006931
8074,3.981929106
8075,3.322722253
8076,3.667958856
8077,3.516822565
8078,3.68896086
8079,4.572062723
8080,3.923119575
8081,3.94135164
8082,3.914467753
8083,4.447282201
8084,4.411865672
8085,4.539171329
8086,4.167388236
8087,4.001759567
8088,4.293473791
8089,3.569199758
8090,3.824374427
8091,4.216086246
8092,4.03074499
8093,4.153880586
8094,4.284780096
8095,4.675767853
8096,3.310761996
8097,4.263024219
8098,3.931685954
8099,3.515781186
8100,4.054892219
8101,4.223955391
8102,4.104616009
8103,3.46769867
8104,4.537932321
8105,4.073291997
8106,4.324532212
8107,4.309705408
8108,4.101563175
8109,3.771376852
8110,3.718712843
8111,4.295080237
8112,3.57983634
8113,3.926896011
8114,4.451876788
8115,4.04384112
8116,3.95511984
8117,3.705085017
8118,3.618982357
8119,3.94898047
8120,4.552432321
8121,3.094241284
8122,4.195801849
8123,3.553012529
8124,3.780527117
8125,4.146788312
8126,4.601893383
8127,1.973274558
8128,4.02797579
8129,3.747442506
8130,3.914101348
8131,3.881791831
8132,4.15813307
8133,4.260577979
8134,4.266112546
8135,4.163430201
8136,4.461132493
8137,4.097316166
8138,3.615363912
8139,3.963644529
8140,3.007149775
8141,4.027502584
8142,3.729025297
8143,4.429631376
8144,3.681439948
8145,4.104425045
8146,2.034761338
8147,4.137969505
8148,2.589262788
8149,3.578241757
8150,3.722766879
8151,2.696666263
8152,4.052965166
8153,3.546698529
8154,3.765360781
8155,3.796035741
8156,3.91405256
8157,3.378032628
8158,3.291402681
8159,4.078695705
8160,4.092365095
8161,3.487672769
8162,3.901490096
8163,3.933139358
8164,4.020246173
8165,4.102527527
8166,4.418068186
8167,3.840202486
8168,2.99400776
8169,3.24958957
8170,3.913426996
8171,4.062303578
8172,3.921634458
8173,3.756461448
8174,3.706241551
8175,3.727952163
8176,4.278347678
8177,2.535521315
8178,4.473656189
8179,4.278531608
8180,3.286516996
8181,3.733535667
8182,3.974315475
8183,3.709274871
8184,3.761057308
8185,3.297591734
8186,3.4989278
8187,4.097764433
8188,3.815818783
8189,4.016374236
8190,4.101076357
8191,3.861206728
8192,3.957473408
8193,3.840463998
8194,4.113097502
8195,4.51338329
8196,3.126994864
8197,3.910711823
8198,4.058550645
8199,4.134306654
8200,4.922538851
8201,3.399815359
8202,4.018124043
8203,3.855818087
8204,4.0853005
8205,4.120260827
8206,3.902759366
8207,3.900783005
8208,3.962410655
8209,3.870451053
8210,3.685755575
8211,3.605960445
8212,4.169678655
8213,4.349872754
8214,4.136836217
8215,3.611217225
8216,3.982347256
8217,3.510585685
8218,3.705114882
8219,3.764582325
8220,4.05110425
8221,4.522650865
8222,3.865726302
8223,3.051998577
8224,3.874104699
8225,4.134132718
8226,3.886443717
8227,4.423241679
8228,3.305596207
8229,4.113062307
8230,3.291268797
8231,3.940043359
8232,3.769256342
8233,3.894992947
8234,3.864706929
8235,3.72789542
8236,3.186432169
8237,3.535343346
8238,3.960841361
8239,3.457795381
8240,3.273582037
8241,3.504852787
8242,3.855585455
8243,4.431116176
8244,4.120534046
8245,3.691744796
8246,4.020779977
8247,3.886329339
8248,4.044437821
8249,4.426875123
8250,3.945584168
8251,4.419976337
8252,4.435442688
8253,3.814635385
8254,3.807288858
8255,3.622346598
8256,3.617133721
8257,3.956453989
8258,2.752789854
8259,4.353421799
8260,3.958375046
8261,4.30113022
8262,3.992995351
8263,4.091066856
8264,4.012438093
8265,4.219902063
8266,3.290795098
8267,3.666718552
8268,4.031983759
8269,3.485431454
8270,3.672503333
8271,3.061545884
8272,4.06921928
8273,3.68921401
8274,3.601763792
8275,4.221020729
8276,4.11876357
8277,3.912558108
8278,3.82080141
8279,4.330000215
8280,4.282208434
8281,4.230021686
8282,4.110941473
8283,4.049462917
8284,4.201896901
8285,3.827917007
8286,2.085689004
8287,4.45919719
8288,3.890993497
8289,4.095177768
8290,4.113713642
8291,4.132444288
8292,4.193933759
8293,3.650631561
8294,4.501076684
8295,3.475409871
8296,4.130869132
8297,3.627932641
8298,4.757171768
8299,2.773319271
8300,3.300655168
8301,3.991354469
8302,4.349173072
8303,3.892034515
8304,4.069078054
8305,4.007630935
8306,4.729176074
8307,4.245508557
8308,4.417193653
8309,3.772412802
8310,3.844082863
8311,4.218519266
8312,4.71040114
8313,4.240637663
8314,3.072501703
8315,4.155241367
8316,4.073013475
8317,3.882991153
8318,4.159363338
8319,3.321024112
8320,3.928621528
8321,4.406871688
8322,4.266595092
8323,3.827055977
8324,3.660526804
8325,4.157259159
8326,4.366754603
8327,3.76553613
8328,4.118735345
8329,2.979513713
8330,4.316011854
8331,4.327897702
8332,3.946015291
8333,3.336605439
8334,4.203746944
8335,3.626856684
8336,4.038883058
8337,3.548349267
8338,4.242838257
8339,3.815054253
8340,3.448937993
8341,4.041537108
8342,4.037247119
8343,3.084424638
8344,4.177126232
8345,3.852176763
8346,3.276957212
8347,3.089337369
8348,3.977795906
8349,4.031921939
8350,3.50026647
8351,4.09144083
8352,3.609337867
8353,3.284578962
8354,4.103576453
8355,3.525560391
8356,4.116123685
8357,3.856998429
8358,3.942406626
8359,3.669176074
8360,3.904177547
8361,3.990465641
8362,4.067268532
8363,3.539376143
8364,3.34840946
8365,3.766413579
8366,3.780528831
8367,4.185268381
8368,4.247200425
8369,3.497139003
8370,3.415946219
8371,4.130625244
8372,3.754011645
8373,2.37937254
8374,3.293995007
8375,4.351462815
8376,4.717425491
8377,4.037938414
8378,3.982043858
8379,4.306052049
8380,3.384177364
8381,4.425080458
8382,3.989550536
8383,4.432631353
8384,3.40211998
8385,3.859951231
8386,4.215523729
8387,4.062386523
8388,4.175529854
8389,3.356017967
8390,4.157262234
8391,3.72945359
8392,3.573410577
8393,4.136502749
8394,4.229866862
8395,4.129435245
8396,3.816577068
8397,3.929424129
8398,3.309555974
8399,4.169376879
8400,4.108606861
8401,4.870291073
8402,3.793312369
8403,4.537566221
8404,3.98959617
8405,4.521061866
8406,4.177066666
8407,3.911336354
8408,4.79627611
8409,4.247255847
8410,3.807052075
8411,4.097571524
8412,3.617590904
8413,3.997550759
8414,4.207220757
8415,3.373964742
8416,4.06389877
8417,4.061078824
8418,4.627602543
8419,3.794654377
8420,3.742139178
8421,4.037249099
8422,3.639876482
8423,4.217717721
8424,3.104537493
8425,4.022453535
8426,4.100053631
8427,3.773698463
8428,4.368951446
8429,3.712981633
8430,4.424022548
8431,4.097519259
8432,4.274562656
8433,3.93091828
8434,4.139136691
8435,3.926741564
8436,3.640237132
8437,4.077182759
8438,4.046849839
8439,3.227622138
8440,3.048060294
8441,4.083305359
8442,3.974140408
8443,4.08325499
8444,3.877584353
8445,3.582260756
8446,3.545400396
8447,3.49914987
8448,3.386053479
8449,3.662893776
8450,3.466016713
8451,2.848511784
8452,3.054518042
8453,4.18819696
8454,4.113131781
8455,3.643268835
8456,3.885930923
8457,3.789157101
8458,4.059785432
8459,4.338743767
8460,3.685237169
8461,3.866733492
8462,3.422171833
8463,4.10070859
8464,3.75586707
8465,3.752332512
8466,4.633903634
8467,2.77439985
8468,3.432829356
8469,4.281027176
8470,3.640973932
8471,4.060783765
8472,4.272658949
8473,4.266536908
8474,4.064711928
8475,3.763290754
8476,4.288876569
8477,4.242036432
8478,3.814788175
8479,4.128020143
8480,3.209990107
8481,4.121892914
8482,3.142062026
8483,3.527208129
8484,4.296042512
8485,3.894579448
8486,4.836821999
8487,4.130498768
8488,4.112741541
8489,4.585051078
8490,4.125251204
8491,4.398093759
8492,4.263954313
8493,4.409170343
8494,3.556223625
8495,4.143832154
8496,4.606211972
8497,2.489219577
8498,3.353613702
8499,4.242778558
8500,3.655174985
8501,4.200667485
8502,3.040244577
8503,4.187130263
8504,3.538491792
8505,2.702165827
8506,4.241717828
8507,4.030039736
8508,3.246816757
8509,4.522773621
8510,3.893992859
8511,3.887955791
8512,4.220812634
8513,3.818511314
8514,4.212168392
8515,3.556068853
8516,3.46561074
8517,3.584974635
8518,3.008026368
8519,4.398933874
8520,4.308173679
8521,3.885963977
8522,2.890022224
8523,3.627886803
8524,3.848339584
8525,3.991689016
8526,4.649569618
8527,3.485798348
8528,3.266861983
8529,3.73958629
8530,4.29268185
8531,4.009172376
8532,3.963287546
8533,3.776346152
8534,4.278394652
8535,4.110156421
8536,3.774181218
8537,3.59277207
8538,4.024631459
8539,4.107573252
8540,4.1374796
8541,4.106637437
8542,3.33238667
8543,3.470461098
8544,3.912175879
8545,3.989996408
8546,4.024710398
8547,3.867418065
8548,4.239741536
8549,3.050077297
8550,3.80475053
8551,4.105960961
8552,4.260811307
8553,4.327329271
8554,3.783578282
8555,4.530396994
8556,3.898479019
8557,3.964861365
8558,3.684781989
8559,3.873426313
8560,2.881743767
8561,4.003482092
8562,4.353129364
8563,3.458005558
8564,4.209890664
8565,4.164169657
8566,4.307297302
8567,4.300841432
8568,3.335366583
8569,2.146045132
8570,4.091614354
8571,4.108991861
8572,3.0633127
8573,1.516115721
8574,3.786968474
8575,4.093820713
8576,3.713812446
8577,3.862370987
8578,3.693696627
8579,4.046568549
8580,4.352071648
8581,4.097366176
8582,3.718476226
8583,4.52892775
8584,3.9135375
8585,3.95757442
8586,4.292670231
8587,3.776505276
8588,4.642915404
8589,4.490370029
8590,4.117869018
8591,4.224134506
8592,4.024131311
8593,4.00765871
8594,3.824459097
8595,2.916805696
8596,4.176549563
8597,3.914329293
8598,3.706664802
8599,3.795409158
8600,3.874177038
8601,3.044888771
8602,2.806782878
8603,3.587976186
8604,3.563287774
8605,3.504904804
8606,3.989487269
8607,3.912701928
8608,3.822139429
8609,4.327461162
8610,3.165817102
8611,4.44968275
8612,3.787932519
8613,3.796942345
8614,3.834994578
8615,4.383855242
8616,4.419011831
8617,3.881715545
8618,3.730803351
8619,4.399676398
8620,4.34791804
8621,2.3565436
8622,4.292843795
8623,4.814063121
8624,3.136687929
8625,2.658328802
8626,4.191038256
8627,4.22941085
8628,4.267206791
8629,4.072625648
8630,4.165413306
8631,3.77194233
8632,2.875868102
8633,3.83698255
8634,3.85987808
8635,3.063200927
8636,3.576374899
8637,3.587835408
8638,4.146704855
8639,3.163971635
8640,3.2031807
8641,4.338335837
8642,3.096354307
8643,4.023836076
8644,4.322633496
8645,3.26845382
8646,3.584915255
8647,3.43435833
8648,4.110674736
8649,4.550862136
8650,3.562858253
8651,4.109692697
8652,2.932271548
8653,4.024970299
8654,4.476745114
8655,3.332276999
8656,3.897400629
8657,4.326559115
8658,2.982442942
8659,3.310466408
8660,3.962478485
8661,4.093765527
8662,4.185539763
8663,4.582069031
8664,3.296024234
8665,4.008889327
8666,4.03392167
8667,4.347829326
8668,3.974039803
8669,3.69908624
8670,3.903782291
8671,3.579358443
8672,3.921598618
8673,2.608022062
8674,4.417575174
8675,3.271889398
8676,4.228543442
8677,3.773164191
8678,3.93134199
8679,3.82670281
8680,2.874194196
8681,3.55262192
8682,3.894232031
8683,3.919074927
8684,4.355200845
8685,3.859076833
8686,4.033747943
8687,4.12667613
8688,4.27222989
8689,4.164559621
8690,4.105057084
8691,4.084795674
8692,4.198230742
8693,3.898774998
8694,2.873018508
8695,4.006908094
8696,4.071842432
8697,4.020218455
8698,3.967449271
8699,3.81717777
8700,4.473504681
8701,4.43283006
8702,3.945833767
8703,4.169799248
8704,3.796219342
8705,3.416878748
8706,3.410743483
8707,3.988594409
8708,4.240499665
8709,3.344502459
8710,4.017668101
8711,3.602066159
8712,4.185696482
8713,4.341112443
8714,3.615160957
8715,4.657505925
8716,3.880037299
8717,4.266525243
8718,3.49656284
8719,4.149325031
8720,3.780608826
8721,3.580316774
8722,3.899912054
8723,3.335037203
8724,4.250491979
8725,2.750080241
8726,3.771687498
8727,3.982841428
8728,3.466494963
8729,4.381641722
8730,3.149940771
8731,4.023886325
8732,4.12333432
8733,4.051977611
8734,3.68415181
8735,3.818543897
8736,3.356739192
8737,4.306468111
8738,4.265315249
8739,4.156039619
8740,3.743481581
8741,3.769196489
8742,3.868285864
8743,3.947221202
8744,3.436824506
8745,3.94202506
8746,4.054267466
8747,4.170180745
8748,5.016355601
8749,4.119778147
8750,4.284276391
8751,4.216243608
8752,3.462438126
8753,4.157602836
8754,3.515883396
8755,4.134269168
8756,2.769653075
8757,4.223326147
8758,3.975330062
8759,4.296549486
8760,3.534230583
8761,3.767221536
8762,2.0731497
8763,3.760942267
8764,3.91984739
8765,3.764039478
8766,4.287541341
8767,3.792697213
8768,3.937389262
8769,3.861684763
8770,4.047643633
8771,4.348340223
8772,4.040197626
8773,4.24748849
8774,3.922237002
8775,3.885234596
8776,4.220994618
8777,4.176090493
8778,3.675770838
8779,3.515112982
8780,3.56748259
8781,3.066367379
8782,4.41017973
8783,4.564149597
8784,4.187232356
8785,4.202604202
8786,3.893892761
8787,3.17490252
8788,3.755710247
8789,3.799700546
8790,3.939937384
8791,2.953994238
8792,3.475449683
8793,4.004809751
8794,4.389429344
8795,4.261350452
8796,4.499193816
8797,3.044070013
8798,4.01396811
8799,4.255754596
8800,3.556000041
8801,3.797125848
8802,3.013534508
8803,3.886383018
8804,4.039459895
8805,3.456249485
8806,3.7812463
8807,4.151530745
8808,4.794655407
8809,3.782527523
8810,4.557575675
8811,2.480535807
8812,4.042010114
8813,4.804012696
8814,3.707989139
8815,4.630082181
8816,3.42575194
8817,3.638274028
8818,3.815425698
8819,3.729827425
8820,2.791713151
8821,4.098156963
8822,3.518195461
8823,4.289980731
8824,3.852043473
8825,3.528174287
8826,3.627099291
8827,4.017797218
8828,3.862545688
8829,3.174453274
8830,3.320581245
8831,4.681686143
8832,3.492079176
8833,4.308739344
8834,3.832663362
8835,3.848364064
8836,3.282452626
8837,3.913969755
8838,3.874759497
8839,3.732602016
8840,4.184777969
8841,4.181150388
8842,4.483459347
8843,4.191202529
8844,3.855570549
8845,4.415622535
8846,4.201691607
8847,2.996034678
8848,3.439616974
8849,2.924450258
8850,2.402653519
8851,4.179496644
8852,3.435759696
8853,4.018133311
8854,3.844476793
8855,3.135802934
8856,3.913326899
8857,3.980999939
8858,3.395307696
8859,3.269397434
8860,3.856957749
8861,3.249957772
8862,3.489021263
8863,4.158163078
8864,4.073475008
8865,4.172201453
8866,4.078048447
8867,4.052403192
8868,4.279329545
8869,3.643177551
8870,4.032493119
8871,3.697446358
8872,4.177141568
8873,3.36222123
8874,3.018125435
8875,3.757151479
8876,3.496693036
8877,4.498071158
8878,4.189995736
8879,4.200819417
8880,4.126242518
8881,4.206835789
8882,3.42392375
8883,3.134850015
8884,3.728147257
8885,3.806200452
8886,3.014617544
8887,3.576692965
8888,4.659326359
8889,3.460442054
8890,4.225604122
8891,4.086970031
8892,3.643579203
8893,4.043409156
8894,3.940084336
8895,4.857431552
8896,4.234447751
8897,4.18210934
8898,3.517486369
8899,4.574050509
8900,3.650968509
8901,4.132248272
8902,3.302375543
8903,3.854948217
8904,3.988313496
8905,3.628997903
8906,3.233861671
8907,4.129258788
8908,2.571650684
8909,4.094067248
8910,4.381471159
8911,4.314902825
8912,4.678130565
8913,4.20970387
8914,4.459331935
8915,4.327457987
8916,3.752799485
8917,3.106299584
8918,4.466890132
8919,4.346380308
8920,3.465567851
8921,3.311433146
8922,4.168306029
8923,3.91812181
8924,3.962344915
8925,3.648377554
8926,4.209358362
8927,4.230115845
8928,3.12202851
8929,4.237767782
8930,4.738434906
8931,3.438306321
8932,4.048246366
8933,2.995122193
8934,4.073234478
8935,3.777983743
8936,3.892719067
8937,3.38873838
8938,3.772292513
8939,4.0114442
8940,3.832066508
8941,3.439715873
8942,4.054843406
8943,3.553350446
8944,3.644798602
8945,4.049041299
8946,4.126071458
8947,3.630908942
8948,4.03837216
8949,3.804790289
8950,3.918904735
8951,2.806286867
8952,4.232973288
8953,3.600939255
8954,3.990188911
8955,3.472411879
8956,3.564660475
8957,4.182606736
8958,4.134270662
8959,4.25924359
8960,4.262340325
8961,3.779377085
8962,4.181188259
8963,3.857796457
8964,4.30149753
8965,4.304916066
8966,4.050013299
8967,4.23906224
8968,3.789648295
8969,4.43568951
8970,3.928256572
8971,3.938578295
8972,2.967491721
8973,3.259471997
8974,4.183809595
8975,4.05340843
8976,4.104615948
8977,4.184523032
8978,3.876113726
8979,4.398877142
8980,3.307492826
8981,4.23571253
8982,3.207768718
8983,4.143935343
8984,4.015313782
8985,4.023678541
8986,4.329368557
8987,3.647535456
8988,4.308013261
8989,4.326254004
8990,3.461769821
8991,4.312451858
8992,4.110976347
8993,3.145524772
8994,3.850163441
8995,4.190948778
8996,3.700695371
8997,3.578290794
8998,3.84579645
8999,4.076271255
9000,3.977038877
9001,4.067924494
9002,4.459754647
9003,4.052428049
9004,2.720236281
9005,4.204054519
9006,4.266742639
9007,3.534465416
9008,3.429612346
9009,3.889390086
9010,4.273535219
9011,4.311421435
9012,4.037032509
9013,3.582636168
9014,3.647113205
9015,3.559137613
9016,4.327368099
9017,4.208226535
9018,3.960440234
9019,3.937065089
9020,3.853004572
9021,4.172234452
9022,4.479563452
9023,2.844305275
9024,3.843380047
9025,3.429325198
9026,4.321598047
9027,3.617081178
9028,3.993995811
9029,3.311118255
9030,3.836845269
9031,4.132749448
9032,4.499541052
9033,3.216295878
9034,4.347254422
9035,4.080662802
9036,3.451009048
9037,4.352209026
9038,4.046067286
9039,2.480777963
9040,3.789414019
9041,3.8322965
9042,3.118455727
9043,3.931258101
9044,3.683697297
9045,3.490120127
9046,3.314193018
9047,2.142613019
9048,4.395872949
9049,4.17071285
9050,4.20521276
9051,3.911209976
9052,3.861024775
9053,3.903381081
9054,2.814069329
9055,3.821771608
9056,3.67622016
9057,4.373462936
9058,4.076405843
9059,3.885533256
9060,4.049321341
9061,3.979060978
9062,3.403301487
9063,3.847283201
9064,4.089071767
9065,3.995574875
9066,3.193461009
9067,3.732532
9068,3.885776151
9069,3.597878723
9070,4.191228466
9071,3.533671863
9072,4.086300791
9073,4.299179072
9074,3.114473924
9075,2.708557962
9076,3.648096573
9077,4.327728362
9078,3.57457196
9079,4.213590974
9080,3.641503376
9081,4.209211833
9082,3.539577951
9083,4.016624466
9084,4.195388201
9085,4.28914932
9086,3.859669739
9087,4.604798214
9088,3.524533547
9089,4.357861198
9090,3.667115626
9091,3.119625822
9092,3.904020172
9093,3.862569496
9094,3.830622899
9095,4.186225554
9096,4.094195636
9097,3.433125541
9098,3.568299884
9099,3.39884103
9100,4.268589358
9101,4.296247936
9102,4.270960072
9103,4.089531683
9104,3.645559517
9105,3.610069127
9106,3.636422421
9107,4.086739081
9108,4.402747687
9109,4.364759937
9110,3.78426837
9111,4.397419219
9112,3.958707548
9113,4.096305145
9114,3.856190913
9115,3.642380154
9116,4.115768738
9117,4.278775857
9118,4.331401953
9119,4.166541766
9120,4.146230578
9121,3.73865579
9122,4.019538883
9123,3.660779949
9124,3.709381458
9125,3.770698055
9126,3.438770873
9127,4.271326212
9128,3.989400727
9129,3.434126211
9130,2.616157837
9131,4.316197747
9132,3.807897022
9133,3.786969219
9134,4.055640416
9135,4.041123303
9136,4.232001558
9137,3.757922626
9138,3.850690854
9139,3.241059718
9140,5.05740894
9141,3.762496478
9142,4.353579105
9143,3.032899701
9144,4.040035688
9145,4.178548841
9146,4.063105408
9147,2.353777995
9148,3.401772135
9149,4.272864073
9150,4.035146231
9151,4.418189611
9152,4.138444488
9153,4.568752759
9154,4.142260783
9155,4.116133475
9156,4.242918739
9157,3.901412764
9158,3.530993411
9159,3.759766939
9160,2.339552829
9161,3.161287296
9162,3.94620769
9163,4.342184546
9164,4.044799991
9165,4.13697628
9166,4.002252851
9167,3.74048811
9168,4.109059515
9169,4.025625091
9170,4.006036047
9171,3.117434231
9172,4.288609238
9173,4.25428907
9174,3.87685319
9175,4.498319189
9176,3.697285719
9177,4.286550726
9178,3.342578211
9179,3.804786314
9180,3.806280485
9181,4.1669858
9182,1.976046481
9183,4.283171845
9184,3.50729081
9185,3.143819546
9186,3.933326231
9187,3.880345367
9188,3.461038154
9189,4.209770093
9190,1.827973881
9191,4.183930954
9192,3.988474325
9193,4.420966133
9194,4.072028569
9195,4.031695466
9196,3.776914987
9197,4.114454419
9198,3.970031861
9199,4.661930667
9200,3.713945438
9201,3.589372852
9202,3.706126135
9203,3.882612491
9204,4.048131862
9205,4.144751779
9206,4.355811919
9207,3.526512032
9208,4.109771698
9209,3.855620605
9210,4.631263182
9211,3.11960854
9212,3.91712086
9213,3.923462867
9214,4.270149072
9215,4.239192385
9216,4.228840479
9217,3.679096853
9218,4.011034398
9219,4.271169055
9220,3.904394231
9221,4.095535761
9222,3.214266341
9223,3.897325654
9224,3.197557258
9225,3.63621862
9226,3.961335697
9227,2.060442554
9228,3.437647675
9229,3.435710564
9230,4.182491059
9231,3.708682514
9232,3.974372737
9233,4.419452652
9234,4.235404177
9235,2.475829782
9236,4.120571852
9237,4.01756424
9238,3.649555964
9239,3.67292417
9240,4.009190361
9241,4.682108011
9242,3.979220794
9243,4.50564598
9244,3.571579699
9245,3.538280555
9246,4.270743992
9247,3.981491192
9248,4.581903943
9249,4.133052461
9250,4.209304525
9251,3.069991529
9252,4.745372476
9253,3.361626362
9254,3.790771294
9255,4.311544431
9256,3.946907894
9257,4.126832682
9258,3.799562851
9259,4.102134241
9260,3.934674499
9261,4.121503843
9262,3.701739902
9263,3.150361138
9264,3.653772566
9265,4.356640139
9266,3.744029157
9267,3.660754407
9268,4.307048715
9269,3.847332581
9270,4.678616248
9271,4.702767891
9272,4.258540189
9273,3.557193961
9274,2.517289353
9275,4.415267716
9276,4.225934926
9277,3.847244537
9278,3.34542264
9279,4.235058567
9280,3.241373698
9281,4.199285983
9282,4.109132937
9283,3.634357812
9284,4.407615847
9285,3.774082791
9286,3.85192541
9287,4.337282853
9288,2.374556338
9289,3.728011033
9290,3.618796514
9291,4.37886619
9292,3.373234834
9293,3.597325019
9294,3.922765099
9295,2.496094141
9296,4.515711443
9297,4.004710044
9298,3.366269842
9299,3.110677615
9300,3.80955109
9301,4.290323502
9302,4.207371113
9303,4.526488516
9304,2.918605129
9305,4.126103317
9306,3.993807553
9307,3.880120856
9308,4.241593402
9309,4.027698667
9310,2.914435222
9311,4.465345019
9312,2.662974888
9313,4.530847935
9314,3.738208917
9315,3.354504463
9316,4.149688534
9317,3.940578993
9318,3.543692325
9319,4.171635865
9320,3.623332371
9321,4.136464747
9322,3.948336955
9323,3.822959378
9324,3.281097441
9325,3.327362041
9326,3.600717768
9327,4.574414642
9328,2.964479141
9329,3.828149622
9330,3.577243272
9331,3.765156716
9332,4.442956386
9333,4.065221686
9334,3.71280227
9335,3.816392531
9336,3.756897704
9337,4.1636494
9338,4.235438079
9339,4.049646586
9340,3.911719051
9341,2.767493294
9342,3.924097672
9343,3.504969044
9344,3.802523564
9345,3.399255853
9346,3.697592459
9347,3.465745984
9348,3.469257099
9349,3.741221092
9350,3.5160337
9351,4.037202628
9352,4.016204791
9353,3.203185841
9354,3.974676883
9355,4.333506243
9356,3.803781124
9357,4.362121488
9358,3.992069635
9359,3.399357327
9360,2.415115964
9361,3.943402184
9362,4.175695769
9363,3.955329925
9364,3.315527572
9365,3.229760591
9366,4.310802348
9367,4.175634021
9368,4.861306374
9369,4.13220208
9370,4.444594374
9371,3.877748673
9372,4.129617411
9373,3.972741358
9374,3.45772366
9375,3.974757414
9376,3.572735158
9377,3.979062025
9378,3.870708163
9379,4.446643686
9380,3.844363685
9381,4.105643041
9382,4.343871256
9383,3.373823283
9384,4.063439285
9385,3.937247139
9386,4.520384677
9387,4.267485883
9388,4.29656929
9389,4.301420077
9390,4.019586641
9391,2.863022475
9392,3.66242831
9393,4.297686838
9394,4.328695733
9395,3.56514786
9396,3.780748065
9397,4.270196429
9398,3.663107882
9399,3.269131169
9400,3.90865263
9401,3.946517709
9402,3.779968354
9403,4.449453118
9404,3.663936776
9405,4.219892465
9406,3.910820824
9407,2.890783748
9408,4.319488408
9409,4.068863755
9410,4.016323074
9411,4.221581555
9412,2.867777673
9413,4.182082904
9414,4.049980239
9415,3.715069283
9416,3.422067249
9417,3.739479482
9418,4.289306067
9419,3.214590354
9420,4.118477139
9421,4.422804276
9422,3.913896238
9423,3.464462529
9424,3.013575939
9425,3.784449136
9426,3.587399162
9427,3.964186571
9428,3.918587258
9429,3.134870282
9430,3.013545019
9431,3.409320194
9432,3.774017133
9433,3.85952933
9434,3.351544983
9435,3.382823649
9436,3.795846235
9437,3.629995418
9438,3.711551601
9439,4.009271691
9440,3.205375853
9441,4.051363351
9442,3.491324263
9443,4.2321605
9444,4.099692477
9445,4.204011585
9446,4.545270446
9447,3.669000429
9448,4.053488191
9449,4.25664457
9450,3.0070432
9451,4.307440987
9452,4.484954797
9453,4.022583923
9454,3.939604869
9455,3.717886223
9456,3.840251328
9457,4.560791975
9458,3.901930925
9459,3.811374675
9460,4.068852071
9461,3.114689359
9462,3.992629752
9463,3.844079832
9464,3.610351336
9465,4.140374905
9466,3.331744409
9467,4.082659984
9468,4.054706269
9469,3.931948072
9470,3.902051252
9471,3.318885153
9472,4.009160112
9473,3.422726963
9474,4.30084552
9475,3.612850154
9476,4.574036057
9477,4.716219405
9478,2.935246751
9479,4.051473348
9480,4.287540469
9481,2.284322483
9482,4.259033248
9483,4.042954473
9484,4.617274746
9485,3.805940568
9486,4.158012805
9487,2.99678003
9488,4.306581843
9489,3.966049051
9490,4.219100849
9491,4.029185377
9492,3.967748439
9493,3.808937019
9494,2.8791631
9495,4.503076562
9496,3.549350494
9497,3.869880382
9498,4.220865199
9499,2.664653217
9500,3.736529422
9501,3.868569391
9502,4.316489245
9503,3.897127553
9504,3.894367517
9505,4.396559893
9506,3.772365651
9507,3.690987005
9508,3.557799072
9509,3.4278731
9510,4.035670561
9511,3.906006183
9512,4.050888143
9513,3.774023876
9514,3.86023488
9515,3.965979562
9516,4.330192723
9517,2.825829339
9518,3.82406104
9519,3.902692442
9520,4.086614645
9521,4.028496111
9522,3.690283458
9523,3.615515326
9524,3.950260817
9525,2.736137911
9526,3.730297656
9527,3.391538983
9528,3.128711781
9529,3.796383146
9530,4.179532548
9531,4.462913391
9532,2.701754554
9533,3.262718173
9534,2.810431781
9535,2.881480339
9536,4.224519046
9537,3.722936415
9538,4.171356048
9539,3.630671468
9540,2.861778162
9541,3.297910574
9542,4.320239113
9543,3.593646059
9544,3.0201463
9545,4.15231612
9546,3.995403118
9547,3.52986915
9548,4.104043849
9549,2.969055244
9550,4.34359512
9551,3.494517208
9552,3.919227674
9553,4.415934546
9554,3.781777814
9555,4.014808575
9556,3.509383397
9557,2.360486277
9558,3.799411151
9559,4.108503709
9560,3.605332246
9561,4.364607353
9562,4.259201194
9563,4.141656559
9564,3.059477862
9565,4.337441125
9566,4.304363919
9567,3.624476077
9568,4.176052619
9569,4.262071554
9570,3.941781884
9571,4.020873419
9572,3.898425021
9573,3.550530655
9574,3.775321493
9575,4.280428196
9576,4.312948922
9577,4.2638543
9578,3.838882228
9579,4.164840373
9580,4.264295203
9581,4.352459226
9582,3.330951806
9583,4.128303574
9584,2.96696712
9585,4.227120084
9586,3.505622523
9587,3.610289362
9588,3.392170535
9589,4.311011888
9590,4.48021708
9591,3.3662555
9592,3.675402941
9593,4.058740547
9594,3.9789419
9595,3.961730098
9596,3.842428341
9597,3.903948342
9598,3.902319027
9599,2.793845259
9600,4.460317167
9601,4.382211169
9602,4.14184173
9603,4.359457093
9604,3.501818196
9605,3.763265999
9606,4.372836954
9607,4.028510332
9608,3.485700457
9609,4.167981577
9610,3.641385008
9611,3.526240755
9612,3.738963984
9613,4.428687924
9614,4.153929013
9615,4.089766386
9616,4.096832
9617,3.865145939
9618,3.960268557
9619,3.74542651
9620,3.981572609
9621,3.788356404
9622,3.108809578
9623,4.050392671
9624,4.120869699
9625,3.988469358
9626,4.443035129
9627,4.100574036
9628,3.984245246
9629,3.86729237
9630,3.957725349
9631,4.336634567
9632,3.912049954
9633,4.561121688
9634,3.760312769
9635,2.018430537
9636,3.559307144
9637,2.954290299
9638,3.932384537
9639,4.062689669
9640,4.178980417
9641,4.240840036
9642,3.656079279
9643,4.042901689
9644,4.071079173
9645,3.680072515
9646,4.729914862
9647,3.545726139
9648,3.993129925
9649,4.790034678
9650,3.374139096
9651,4.048501991
9652,3.826845687
9653,4.024252166
9654,3.976444886
9655,3.846184512
9656,3.964070926
9657,4.163096538
9658,4.127410673
9659,3.947850343
9660,4.260336189
9661,4.174194979
9662,4.18628498
9663,4.381275222
9664,4.352428558
9665,4.309737395
9666,4.133212352
9667,3.698629201
9668,3.915603616
9669,3.862565895
9670,3.690187599
9671,3.565879638
9672,3.192241418
9673,4.166004242
9674,3.417422437
9675,3.677122247
9676,4.127724631
9677,2.864997749
9678,4.136808805
9679,3.826072915
9680,4.247486432
9681,4.228183902
9682,3.915959067
9683,4.471985633
9684,4.641022696
9685,4.089634087
9686,4.122126551
9687,3.840197133
9688,4.256301991
9689,4.121829364
9690,2.839499128
9691,4.414957604
9692,3.991197756
9693,4.055041006
9694,3.906689319
9695,3.600625754
9696,3.638321794
9697,4.664001858
9698,3.901435803
9699,3.719718029
9700,4.350903061
9701,3.664566602
9702,4.163644172
9703,3.303581962
9704,2.442528942
9705,4.935516044
9706,3.969485783
9707,4.355420992
9708,3.607564978
9709,3.970525965
9710,4.165547087
9711,4.669456367
9712,2.956611678
9713,4.101897825
9714,3.682827545
9715,3.760865985
9716,3.844989563
9717,3.845364193
9718,3.703095503
9719,4.41093254
9720,3.989904253
9721,4.034284358
9722,4.167365907
9723,3.576206857
9724,4.360387051
9725,3.833978825
9726,2.869258219
9727,2.846976356
9728,3.345308344
9729,3.07359659
9730,4.050841334
9731,4.171222356
9732,4.275830591
9733,3.925125709
9734,3.86439125
9735,4.163423167
9736,3.646462422
9737,3.928213088
9738,4.016552806
9739,3.529406112
9740,4.61623851
9741,4.183240342
9742,3.504877869
9743,3.409975477
9744,3.84502844
9745,3.950934489
9746,3.944321992
9747,3.755999078
9748,4.371760464
9749,4.255687185
9750,2.476090022
9751,4.025884663
9752,4.155822851
9753,3.75353263
9754,4.237656285
9755,3.58510733
9756,4.190904174
9757,4.27856807
9758,3.711912159
9759,4.292728222
9760,3.827582282
9761,4.157375289
9762,4.358909872
9763,4.490485325
9764,3.89789502
9765,3.774658846
9766,3.341886928
9767,4.109389611
9768,4.090713301
9769,3.383327158
9770,4.373504784
9771,3.744661875
9772,3.741430222
9773,3.405127317
9774,3.278744763
9775,3.134780153
9776,4.183050404
9777,3.872152348
9778,3.872107734
9779,4.31771659
9780,3.755169709
9781,4.126408449
9782,3.964991529
9783,3.900978006
9784,3.804149416
9785,3.948523634
9786,3.351599889
9787,3.341214746
9788,3.280194959
9789,4.4270801
9790,4.248394697
9791,3.565694053
9792,3.82373814
9793,2.721798011
9794,4.033032794
9795,4.365138715
9796,3.506237902
9797,3.162618741
9798,4.156954953
9799,4.09968409
9800,3.830818141
9801,3.795586029
9802,4.291931972
9803,4.194879693
9804,4.039657126
9805,3.741852309
9806,4.645585087
9807,4.324184586
9808,4.242676198
9809,4.266289957
9810,4.292460016
9811,3.397021929
9812,4.308504915
9813,3.928555371
9814,3.524344467
9815,3.893879967
9816,3.769900167
9817,3.979327847
9818,3.954602739
9819,4.091020635
9820,3.698122415
9821,3.766771489
9822,4.159771971
9823,3.429968749
9824,3.46542091
9825,4.355823239
9826,3.82677125
9827,4.054732587
9828,4.226171548
9829,4.012964804
9830,3.791831301
9831,4.21616869
9832,4.10120871
9833,3.943522024
9834,4.790052652
9835,4.29650003
9836,4.051022667
9837,3.90105778
9838,4.581455926
9839,3.003547503
9840,4.468936466
9841,3.298135768
9842,4.023136678
9843,4.210130839
9844,4.095502394
9845,4.097315689
9846,3.54584378
9847,3.334567998
9848,4.248574891
9849,4.080524283
9850,4.625932607
9851,4.374728922
9852,4.351136156
9853,3.13539701
9854,2.878164836
9855,3.907392903
9856,4.123088634
9857,4.11343288
9858,3.765760418
9859,4.269755443
9860,3.780924027
9861,4.280359549
9862,4.183948838
9863,4.125446215
9864,4.016719727
9865,4.154844088
9866,2.879417938
9867,3.782351669
9868,3.520920652
9869,4.163607301
9870,4.234173732
9871,4.144948917
9872,4.127651609
9873,3.477028592
9874,4.321310221
9875,4.501839179
9876,3.602684216
9877,4.247600597
9878,4.675819838
9879,3.878097145
9880,4.215885946
9881,4.049765447
9882,3.807711655
9883,3.539533421
9884,4.352694321
9885,4.172749999
9886,3.621282576
9887,4.43630628
9888,4.309544887
9889,3.864700751
9890,4.302351726
9891,3.473750235
9892,4.307145961
9893,4.617613273
9894,3.998168213
9895,4.170291606
9896,4.070250125
9897,4.137373572
9898,3.644913066
9899,4.271118015
9900,3.465646004
9901,3.665518609
9902,3.014689674
9903,4.077771564
9904,2.680740509
9905,4.043833869
9906,4.143272782
9907,4.206071515
9908,4.336084025
9909,3.971637528
9910,4.454404659
9911,3.530542652
9912,4.451225512
9913,4.251246104
9914,3.770573993
9915,4.519045751
9916,4.032427943
9917,3.184511212
9918,4.036488448
9919,4.183703251
9920,3.779876607
9921,4.115327866
9922,3.491801138
9923,4.302047034
9924,3.63820424
9925,3.806242196
9926,3.547979225
9927,3.926531091
9928,3.53341351
9929,4.220896204
9930,4.05421481
9931,3.945988154
9932,3.790469339
9933,3.871038259
9934,3.371829955
9935,2.418735871
9936,3.995388131
9937,4.399289936
9938,4.533448748
9939,3.793426385
9940,4.183232131
9941,3.381996983
9942,3.76030752
9943,4.027369575
9944,3.862787615
9945,4.711115649
9946,2.841476694
9947,4.024359104
9948,2.963181114
9949,4.447678362
9950,3.563066564
9951,3.656101547
9952,4.205966644
9953,3.97731708
9954,2.474029263
9955,4.018412284
9956,4.454355254
9957,4.292116293
9958,4.132944408
9959,4.44365526
9960,3.711914715
9961,4.411032604
9962,4.175667424
9963,2.609714213
9964,4.12113203
9965,4.181365019
9966,3.858929191
9967,4.281076236
9968,3.828368179
9969,4.461040788
9970,2.489972749
9971,3.982562629
9972,4.38281319
9973,3.646915533
9974,3.585357711
9975,4.256834697
9976,3.764876722
9977,4.302210252
9978,2.512479322
9979,3.960105782
9980,4.244316015
9981,3.954875807
9982,4.233695916
9983,3.97075939
9984,3.607414051
9985,4.162704887
9986,3.521643596
9987,4.369676283
9988,3.610951814
9989,2.685849757
9990,4.359520545
9991,3.744813298
9992,3.711470317
9993,3.947052207
9994,3.572483698
9995,3.797784038
9996,4.330317663
9997,4.248170485
9998,4.001653676
9999,3.843115702
10000,4.313381574
10001,4.303868725
10002,3.87505335
10003,3.86893991
10004,3.957778615
10005,3.614182911
10006,3.887008846
10007,2.178114468
10008,4.047466887
10009,4.276327066
10010,3.804430566
10011,3.595436256
10012,4.145345781
10013,3.819152779
10014,3.556930548
10015,4.290802128
10016,3.439830119
10017,3.622903459
10018,2.77101985
10019,2.786768479
10020,3.846417741
10021,4.397382401
10022,4.366550959
10023,4.081879058
10024,3.420804088
10025,3.82964599
10026,4.20457775
10027,3.365945266
10028,3.885568802
10029,4.601645716
10030,3.779620316
10031,3.851080063
10032,3.525225726
10033,3.911172355
10034,4.284720957
10035,3.937783168
10036,3.799256095
10037,4.26460096
10038,3.647774224
10039,4.126033468
10040,4.238334754
10041,4.514904553
10042,3.790454646
10043,4.159400529
10044,4.459074181
10045,4.042418887
10046,4.664821228
10047,3.512815842
10048,4.041173635
10049,4.312209977
10050,3.251158815
10051,4.221226108
10052,4.208712141
10053,4.083482918
10054,2.081605471
10055,2.964908365
10056,4.492649842
10057,3.795756556
10058,4.416504037
10059,3.627287764
10060,4.042244028
10061,4.253912957
10062,3.982494901
10063,3.946572949
10064,3.686030214
10065,3.572875598
10066,3.958561184
10067,4.03131311
10068,3.963529136
10069,3.740971947
10070,3.701322144
10071,4.243422028
10072,3.973347535
10073,4.070847472
10074,3.952965229
10075,3.841609593
10076,4.15758386
10077,4.276228062
10078,3.933208454
10079,4.022533644
10080,3.890954042
10081,3.990928936
10082,4.514101064
10083,3.942074892
10084,3.283983328
10085,3.838206438
10086,4.350856598
10087,4.426881676
10088,4.229284883
10089,2.279749077
10090,3.811661034
10091,4.257057147
10092,4.027099681
10093,3.911008871
10094,4.045683922
10095,4.29297438
10096,3.729746822
10097,3.547321285
10098,4.604220299
10099,3.688889902
10100,3.506175506
10101,3.498682178
10102,4.547996284
10103,4.016022546
10104,4.105519613
10105,3.91633246
10106,3.939987286
10107,3.663451641
10108,4.108429486
10109,3.927340492
10110,4.283080903
10111,4.246531292
10112,4.109337215
10113,4.091973568
10114,2.94094453
10115,4.353269258
10116,3.263373066
10117,4.673731892
10118,3.931232586
10119,3.502494788
10120,3.738883701
10121,4.155799001
10122,4.096878193
10123,3.761715164
10124,4.165155598
10125,2.265103227
10126,3.703532923
10127,3.883554273
10128,3.76374315
10129,4.004548105
10130,4.095270025
10131,4.198547777
10132,4.236944597
10133,3.66974096
10134,3.19674232
10135,3.657366866
10136,4.248811225
10137,2.735250453
10138,3.913882588
10139,4.078869321
10140,4.565093211
10141,3.894220894
10142,3.032086597
10143,4.296705885
10144,3.864433156
10145,4.019475143
10146,4.100361403
10147,4.524291198
10148,3.901905403
10149,4.166530394
10150,3.166383164
10151,4.577208936
10152,4.105876929
10153,3.789498538
10154,3.925369606
10155,3.598067616
10156,3.989191721
10157,3.938708863
10158,4.130073463
10159,3.900363474
10160,2.520579263
10161,4.152261657
10162,4.187948863
10163,4.11311451
10164,2.938112843
10165,4.586991287
10166,3.695912132
10167,3.503358144
10168,3.394720823
10169,3.684694911
10170,3.693020066
10171,3.77893939
10172,3.699979384
10173,4.228617558
10174,4.032049641
10175,4.058071963
10176,3.306618109
10177,4.088036701
10178,3.635468748
10179,3.777520557
10180,4.21143473
10181,3.96567447
10182,4.433291785
10183,3.513765931
10184,3.990583001
10185,4.373141488
10186,4.201807441
10187,3.869170387
10188,3.938619355
10189,3.680795572
10190,4.332820784
10191,3.789172397
10192,3.878865607
10193,4.315157915
10194,4.401647756
10195,4.19640432
10196,4.164759076
10197,4.415479512
10198,3.704893555
10199,3.730224999
10200,4.434429563
10201,4.324405554
10202,3.83825928
10203,4.106678924
10204,4.405791051
10205,3.70755442
10206,3.581939405
10207,3.942856565
10208,4.186761166
10209,3.019864866
10210,3.162565236
10211,3.789068235
10212,4.226445673
10213,4.22348667
10214,3.990809563
10215,3.999130319
10216,3.497402137
10217,3.916340695
10218,4.37093591
10219,3.961298995
10220,4.377266446
10221,3.746340995
10222,4.120658123
10223,3.555609418
10224,3.484247748
10225,3.979904842
10226,3.808784899
10227,3.571040619
10228,3.604108725
10229,3.893063221
10230,3.979723142
10231,3.97813536
10232,4.211972266
10233,3.735887624
10234,4.033101048
10235,3.229573239
10236,4.837097995
10237,3.19883598
10238,3.867332474
10239,4.123410663
10240,2.607392334
10241,3.988019521
10242,4.073180611
10243,3.986779619
10244,3.886727856
10245,4.339039051
10246,4.375645001
10247,4.376820264
10248,3.690709939
10249,4.286102273
10250,3.871638819
10251,3.855296176
10252,4.102605638
10253,4.114457985
10254,3.609236941
10255,4.190647921
10256,3.750565461
10257,4.129912409
10258,4.359243703
10259,4.006618942
10260,4.219080919
10261,3.81530712
10262,3.913715107
10263,2.937698588
10264,4.32514311
10265,3.846676009
10266,3.870284096
10267,3.769723529
10268,4.216055196
10269,4.412735975
10270,3.129237447
10271,2.83959431
10272,4.261277488
10273,4.129309167
10274,3.984290913
10275,3.653464704
10276,4.221175189
10277,4.622273903
10278,4.363489889
10279,3.996562392
10280,4.158300113
10281,4.353568754
10282,3.785097287
10283,3.952519859
10284,4.296012687
10285,4.744310617
10286,4.498984797
10287,3.273284745
10288,4.068626842
10289,4.175757378
10290,3.61598381
10291,4.095572032
10292,4.261173905
10293,3.722404673
10294,3.785724691
10295,4.3297105
10296,4.485927701
10297,3.646267438
10298,3.361242505
10299,4.182630929
10300,3.861564388
10301,4.183645463
10302,4.162807889
10303,3.409254159
10304,4.240220371
10305,4.172921614
10306,3.664537903
10307,4.000107693
10308,4.192977753
10309,3.926325083
10310,2.822849097
10311,3.905928878
10312,3.363079878
10313,3.726710454
10314,4.419485979
10315,4.03344726
10316,4.021107405
10317,3.597304723
10318,3.685251959
10319,4.269417094
10320,3.818553493
10321,4.130225923
10322,4.213895586
10323,4.229152567
10324,4.244145587
10325,3.81660927
10326,3.861339508
10327,3.841214618
10328,4.11181662
10329,3.246925957
10330,3.748762447
10331,4.070836941
10332,4.066812129
10333,3.968892032
10334,3.642229707
10335,4.398027093
10336,4.102803456
10337,4.446501723
10338,2.541875841
10339,4.596800208
10340,4.063868031
10341,4.544009227
10342,3.887803486
10343,4.344138509
10344,3.220405087
10345,3.334668575
10346,3.78011541
10347,3.967381275
10348,3.450580282
10349,4.301422898
10350,3.389545711
10351,3.564201582
10352,4.131165583
10353,3.472160872
10354,4.377186446
10355,3.781543724
10356,2.556576063
10357,3.899737135
10358,4.254541933
10359,3.161409519
10360,3.916001021
10361,3.867364452
10362,3.617432742
10363,4.040136658
10364,3.939887103
10365,4.030809035
10366,2.700337935
10367,3.373344113
10368,3.537720276
10369,3.814516013
10370,4.315406286
10371,3.808443728
10372,4.351697833
10373,4.23317783
10374,3.751900204
10375,4.105352818
10376,3.914082524
10377,4.386750445
10378,3.192010726
10379,4.203185567
10380,4.222472073
10381,4.457116697
10382,3.994750415
10383,4.323442258
10384,3.77368264
10385,3.97709617
10386,3.49062679
10387,4.652224443
10388,3.782286408
10389,4.142018961
10390,2.718433647
10391,2.696929869
10392,3.506505169
10393,4.129577224
10394,4.133212116
10395,3.948360438
10396,4.157772531
10397,4.118894645
10398,2.100132472
10399,3.342354905
10400,3.787836666
10401,4.536782982
10402,4.286817285
10403,4.525993514
10404,4.242262663
10405,4.299017235
10406,4.174300536
10407,3.694281039
10408,3.380392007
10409,4.087716717
10410,3.923588946
10411,3.98446987
10412,3.8245689
10413,3.951595649
10414,4.043783845
10415,3.672629925
10416,3.585057833
10417,2.452885497
10418,4.282923706
10419,3.552928365
10420,3.991489302
10421,3.840568321
10422,3.487906075
10423,3.884804062
10424,4.166247202
10425,3.66049475
10426,3.496065601
10427,4.404986943
10428,2.228464147
10429,4.077684768
10430,3.879631843
10431,3.842519612
10432,4.363982099
10433,4.504532188
10434,4.217733176
10435,4.168483857
10436,4.747196613
10437,3.757192433
10438,4.072892873
10439,3.782473132
10440,3.835531956
10441,4.002394826
10442,4.024957779
10443,4.111177643
10444,3.57674872
10445,4.004604585
10446,3.86817638
10447,3.918754137
10448,4.176925778
10449,4.444837368
10450,4.337833642
10451,3.68699137
10452,4.064716928
10453,3.615089009
10454,4.382807441
10455,3.831195118
10456,4.153211576
10457,4.421662461
10458,4.562469279
10459,4.289028514
10460,4.4324453
10461,4.021215356
10462,3.628700799
10463,4.006874051
10464,2.372885115
10465,3.989543541
10466,4.264087184
10467,3.762816746
10468,3.944913805
10469,3.988897914
10470,4.181069534
10471,3.660720842
10472,4.307476577
10473,4.273550041
10474,3.399241279
10475,3.976759044
10476,3.535142159
10477,4.147493344
10478,4.003181773
10479,4.498667015
10480,3.861530933
10481,4.086677363
10482,3.799331983
10483,4.512308229
10484,4.235575324
10485,4.064949713
10486,3.983553542
10487,3.270837396
10488,3.934670675
10489,4.171231314
10490,3.956349065
10491,4.076606803
10492,4.168504467
10493,3.680836592
10494,3.860090167
10495,4.122174293
10496,4.247360816
10497,3.895640196
10498,4.102347778
10499,3.964802131
10500,4.229091811
10501,4.065182945
10502,3.998250673
10503,4.146986924
10504,4.298767389
10505,4.416735246
10506,3.81361971
10507,4.291325619
10508,4.025521626
10509,3.573571308
10510,3.550516095
10511,3.352823755
10512,4.13216936
10513,2.99685404
10514,4.014667282
10515,4.178747829
10516,3.904835277
10517,4.290855964
10518,3.921818398
10519,4.095935355
10520,4.095151104
10521,4.497682495
10522,4.011607394
10523,3.776390328
10524,4.33960375
10525,3.660917008
10526,3.957735636
10527,3.684928733
10528,3.774280488
10529,3.638976476
10530,4.696089732
10531,3.934965632
10532,4.063963532
10533,3.325654791
10534,4.244203188
10535,3.665709645
10536,3.54927165
10537,3.410693852
10538,4.06781379
10539,4.645165616
10540,3.366967097
10541,3.363345035
10542,3.8282344
10543,4.21384088
10544,4.232372569
10545,3.604652702
10546,4.360178747
10547,3.559409291
10548,4.119768684
10549,4.04147112
10550,4.190175431
10551,3.684421308
10552,3.768967727
10553,4.257959178
10554,4.476665987
10555,3.945510443
10556,3.22124636
10557,3.977314125
10558,3.323959039
10559,4.181205398
10560,3.218781453
10561,3.546208391
10562,2.251485815
10563,2.537137146
10564,3.855858052
10565,3.371680316
10566,2.950950284
10567,4.265545512
10568,4.171182757
10569,3.867749589
10570,3.201547818
10571,3.093149424
10572,4.228533982
10573,4.006926486
10574,3.988627967
10575,3.827489991
10576,3.817429831
10577,4.473458965
10578,3.265712398
10579,3.562069592
10580,3.190156069
10581,3.100555241
10582,3.367226242
10583,4.157577038
10584,3.783418464
10585,4.112957717
10586,3.733863028
10587,4.166060107
10588,4.138427864
10589,3.782627463
10590,3.79134701
10591,4.692946401
10592,3.846477409
10593,3.574058969
10594,4.207818457
10595,4.452340762
10596,4.091476355
10597,4.310429399
10598,3.406706658
10599,3.670992033
10600,3.971908561
10601,3.895854994
10602,4.253301601
10603,4.166158614
10604,4.278857916
10605,4.126153584
10606,3.592265041
10607,4.359830833
10608,4.266914532
10609,4.120412546
10610,4.067624769
10611,3.889801364
10612,4.23162751
10613,3.671949084
10614,4.150905483
10615,3.667056916
10616,2.674858694
10617,3.666293876
10618,3.773115833
10619,3.643691568
10620,4.503200235
10621,4.022347087
10622,4.025433927
10623,3.622258102
10624,3.165498843
10625,3.913291055
10626,3.53928138
10627,4.177862665
10628,4.321582106
10629,4.04609746
10630,4.15027412
10631,3.25505564
10632,4.019219284
10633,4.066016946
10634,4.441813646
10635,4.184788582
10636,3.39973708
10637,4.324018911
10638,4.150876431
10639,3.103244688
10640,4.434461697
10641,4.110885591
10642,3.210078653
10643,3.709703378
10644,4.259019067
10645,3.81375927
10646,3.658071791
10647,4.37909336
10648,4.072018796
10649,4.075727697
10650,4.212255248
10651,4.128060372
10652,3.000705618
10653,3.994341472
10654,2.689302408
10655,3.482931787
10656,4.260961556
10657,4.000233548
10658,4.237713303
10659,3.620522497
10660,4.286056804
10661,3.744777648
10662,3.8377239
10663,4.131689458
10664,4.188669329
10665,2.67736567
10666,3.734618221
10667,3.847515271
10668,4.035222634
10669,2.14049586
10670,4.68537902
10671,3.45573205
10672,3.844362512
10673,4.274104168
10674,4.142186581
10675,3.69739847
10676,3.315620917
10677,4.541642202
10678,4.104477563
10679,3.856095677
10680,3.77581127
10681,4.239634793
10682,3.824671292
10683,4.382352142
10684,4.018886853
10685,3.663857951
10686,3.825017608
10687,4.251925962
10688,2.018626686
10689,3.669035813
10690,3.126312056
10691,4.303306029
10692,4.393815607
10693,3.551480458
10694,3.369860345
10695,4.181668775
10696,3.99215859
10697,3.861326393
10698,3.888291494
10699,4.302179013
10700,4.040701886
10701,4.142253998
10702,4.001148964
10703,3.896885087
10704,4.046958296
10705,3.909559993
10706,4.033726755
10707,3.935937963
10708,4.066311458
10709,4.46368861
10710,3.710282041
10711,3.620473993
10712,2.361312011
10713,4.021740225
10714,3.909137116
10715,3.899038439
10716,4.869554301
10717,4.060728026
10718,3.921762234
10719,4.04071584
10720,3.734522082
10721,3.877833284
10722,4.02145793
10723,4.187848086
10724,2.708596636
10725,3.840057942
10726,4.473673106
10727,3.939067762
10728,4.020887292
10729,3.761803691
10730,4.34129061
10731,3.946249229
10732,4.468399268
10733,3.043690552
10734,3.833134002
10735,4.253789471
10736,2.798704657
10737,3.832147668
10738,4.267562406
10739,4.339050763
10740,3.993892428
10741,3.037069017
10742,3.585085989
10743,3.908195401
10744,4.200889175
10745,2.06964444
10746,4.156047157
10747,4.168641205
10748,4.132121035
10749,4.101091529
10750,4.061862263
10751,3.870182875
10752,4.28491013
10753,4.327664122
10754,3.898443118
10755,3.951649879
10756,3.899055214
10757,4.110586515
10758,3.444422544
10759,4.075631265
10760,3.749745171
10761,4.274216419
10762,3.356793058
10763,4.067114048
10764,4.304228833
10765,3.976263854
10766,3.909244064
10767,4.53487049
10768,4.349405614
10769,4.072377059
10770,2.049681058
10771,4.048521157
10772,3.722263336
10773,4.113917224
10774,3.721288461
10775,3.437593602
10776,3.614348023
10777,4.565502065
10778,4.183395787
10779,3.440602565
10780,3.913796987
10781,3.543055144
10782,3.90662583
10783,4.201001231
10784,3.738264407
10785,3.492817573
10786,4.083169251
10787,4.630676221
10788,4.39428075
10789,3.588547714
10790,3.848804808
10791,3.639486412
10792,4.364138822
10793,3.700749793
10794,3.921962296
10795,4.070158994
10796,3.256233542
10797,2.49074392
10798,4.055593148
10799,3.749372757
10800,4.319750516
10801,3.874024822
10802,3.460068895
10803,4.038393395
10804,3.777721502
10805,4.186391043
10806,4.040517759
10807,3.656016701
10808,3.533753486
10809,4.04704486
10810,4.136156776
10811,4.220729455
10812,4.510562678
10813,4.009067267
10814,3.959866476
10815,4.174799551
10816,4.461828476
10817,3.828286219
10818,2.717310324
10819,4.197024897
10820,3.746332756
10821,3.845212643
10822,4.360886567
10823,4.385063667
10824,4.794180887
10825,3.579937682
10826,3.880088772
10827,3.792336083
10828,3.725596615
10829,4.176202955
10830,3.763018252
10831,3.984882021
10832,3.935829385
10833,4.152939952
10834,2.542063954
10835,3.500727305
10836,3.634705175
10837,4.160745498
10838,3.522262659
10839,3.692307318
10840,4.058986267
10841,4.535676144
10842,3.828996832
10843,3.829684678
10844,4.168125116
10845,4.146989499
10846,2.439011744
10847,3.812295129
10848,3.496649354
10849,4.178470151
10850,4.120342871
10851,3.818586515
10852,3.778201942
10853,4.228745181
10854,2.449587258
10855,3.798379721
10856,4.373075604
10857,4.039174153
10858,4.106717932
10859,4.096535761
10860,4.116819405
10861,4.228150317
10862,3.90009491
10863,3.664815241
10864,3.926076549
10865,3.67191031
10866,4.528459019
10867,4.148537948
10868,3.498070978
10869,3.607090504
10870,3.976416323
10871,3.380799612
10872,3.599593297
10873,4.31931084
10874,3.63001653
10875,4.336566281
10876,3.783688439
10877,3.851764549
10878,4.551807136
10879,3.909174011
10880,4.044144511
10881,3.884654789
10882,4.291430245
10883,4.527577702
10884,4.747534823
10885,4.033702349
10886,3.97630293
10887,3.572487912
10888,3.633578975
10889,4.223936905
10890,2.838631365
10891,4.561756578
10892,4.247365831
10893,4.206510185
10894,4.031708223
10895,4.480017094
10896,4.273118554
10897,3.79561614
10898,3.610242655
10899,3.333501196
10900,4.134541777
10901,4.264146476
10902,4.083721767
10903,3.647794719
10904,3.937195237
10905,3.703415209
10906,3.496543154
10907,3.916258427
10908,4.127893262
10909,3.743395841
10910,4.672982101
10911,4.013327932
10912,3.675599317
10913,4.041167387
10914,4.268187271
10915,3.715036123
10916,4.081424459
10917,4.417343361
10918,3.444469668
10919,3.690464494
10920,3.935623333
10921,3.381066155
10922,3.978443976
10923,4.206433073
10924,3.877436306
10925,3.965388074
10926,2.532141005
10927,3.7421592
10928,4.048590297
10929,4.580650187
10930,4.323948935
10931,4.030503064
10932,4.06350479
10933,3.363981533
10934,4.069652512
10935,2.862691719
10936,4.009922056
10937,3.518870489
10938,3.185651822
10939,4.732313652
10940,3.956522371
10941,3.940452389
10942,3.73680476
10943,3.751029957
10944,2.762363266
10945,2.61938562
10946,3.947254775
10947,4.307185983
10948,3.886983172
10949,4.447992691
10950,4.122986042
10951,3.828045812
10952,4.118936888
10953,3.68715987
10954,3.911709293
10955,3.588053639
10956,3.5407347
10957,3.875173981
10958,4.393942161
10959,4.132569189
10960,4.221019893
10961,4.152515642
10962,4.01946764
10963,3.479879497
10964,4.19856605
10965,3.505500711
10966,4.030192639
10967,4.094374749
10968,5.027109777
