author,age,country,num_comments,en_comments,en_comments_percentage,is_female,agreeableness,openness,conscientiousness,extraversion,neuroticism
-Areopagan-,,,5,5,100,0,0,99,96,60,1
-BigSexy-,23,,2797,2655,94.92313193,0,39,92,1,18,4
#NAME?,21,,3404,3042,89.36545241,0,50,85,15,50,30
#NAME?,21,,8106,7664,94.54724895,0,50,85,50,85,50
-dyad-,,,235,228,97.0212766,1,60,67,45,10,47
#NAME?,18,,1,1,100,0,46,27,31,10,84
#NAME?,,,4633,3640,78.56680337,0,2,92,31,60,53
12345jk12345,20,,110,104,94.54545455,0,0,37,72,72,3
1mas,,,99,53,53.53535354,0,1,71,0,28,59
22Starter22,25,,132,128,96.96969697,0,11,3,32,6,77
3062226abcd,,,118,105,88.98305085,0,47,50,57,1,99
4OoztoFreedom,,,513,497,96.88109162,0,67,20,4,4,37
5426742,,,1936,1867,96.43595041,1,28,88,63,14,98
9Hero,,,1323,1257,95.01133787,0,8,75,1,14,95
ACE_C0ND0R,,,14659,13588,92.69390818,0,10,80,74,27,18
AGKS2017,,,1,1,100,0,0,80,5,37,68
A_Bra_and_a_Ham,,,80,76,95,0,1,50,61,90,3
A_Pale_H_o_r_s_e,,,68,68,100,0,13,98,97,94,16
AbstractStateMachine,27,,2045,1990,97.31051345,0,80,92,25,84,78
Abutilion,,,2,2,100,0,50,49,38,47,94
Achillira,23,,1,1,100,0,0,98,80,91,24
Adage_Cage,,,25,25,100,0,29,0,4,0,92
AdamWe,,,837,822,98.2078853,0,44,30,52,7,93
Agewalker,,eu,2126,2014,94.73189087,0,11,49,20,93,6
Ajubbajub,,,3107,2886,92.88702929,0,63,88,58,62,5
Alfred_Marshall,,us,1135,869,76.56387665,0,73,51,98,47,61
AliceFishyWishy,,,1411,1382,97.94472006,1,71,61,50,43,23
Allie1113,,,47,45,95.74468085,0,15,15,50,15,85
AlmightyWibble,19,,4520,3826,84.6460177,0,69,11,1,34,99
Alsedarna,,,267,266,99.62546816,0,77,94,10,57,15
Amator,35,,6426,6325,98.42826019,0,85,97,61,87,67
AmazonExplorer,22,brasil,4554,4437,97.43083004,0,20,45,28,1,82
Ambedo_1,21,,3501,3347,95.60125678,0,11,6,61,1,45
AmericanRed91,25,,1034,1005,97.19535783,1,15,15,50,15,85
Angry_Ram,24,,1656,1384,83.57487923,1,1,84,1,34,52
ArchPrime,,,12,12,100,0,13,61,1,2,26
ArchieT7,,,132,123,93.18181818,0,97,99,16,1,70
AresXI,,,599,569,94.99165275,0,88,83,45,5,96
Astronomy1,19,,1565,1519,97.06070288,0,59,86,44.5,47,43
AtlasPSD,,,51,48,94.11764706,0,29,96,90,89,1
AureliusPendragon,29,,3998,3964,99.14957479,0,17,8,16,41,25
AverageJoeflake,,,64,63,98.4375,0,87,93,20,5,96
Avonite,,,30,25,83.33333333,0,82,9,35,1,82
AyyyLmaoB0ss,17,,80,72,90,0,61,64,7,25,84
BadgerKid96,20,,2927,2841,97.06183806,1,77,73,73,1,98
Baron_Benite,18,,1534,1437,93.67666232,0,88,1,9,3,89
Benevolent_Tyrant,,canada,5896,5666,96.0990502,0,44,54,6,0,98
Berkky_,,,39,35,89.74358974,0,26,96,28,75,24
BethyBell,,,6,6,100,0,95,85,50,5,95
BetweenTwoWords,21,uk,5350,5161,96.46728972,0,20,50,50,30,70
Bhikkhu_Jayasara,,,326,325,99.69325153,0,100,69,97,86,39
BigWilldo,22,,158,152,96.20253165,0,98,71,52,21,46
BlackCombos,22,,6317,6227,98.57527307,0,97,99,14,57,41
Blackdutchie,,netherlands,2326,1490,64.05846948,0,93,81,40,29,69
BlackendLight,24,,1923,1857,96.56786271,0,0,94,98,92,0
Blatti,,,434,407,93.77880184,0,85,85,15,15,95
Blehhh55,23,,810,789,97.40740741,0,99,98,4,10,96
Bonhand,,,134,111,82.8358209,0,74,57,25,60,87
BookOfMoons,,,10,10,100,0,0,98,41,63,26
BoutOfDoubt,17,,511,497,97.26027397,0,15,85,0,0,84
Brewingupabrownstorm,25,,162,156,96.2962963,1,54,92,80,84,90
BronzeChrash,,,350,321,91.71428571,0,8,80,28,4,64
Burdling,23,,1,1,100,1,0,97,10,82,5
CLENVENMETINS,27,,3109,2979,95.81859119,0,49,60.5,45,36.5,85.5
CaligarisMirror,,,33,30,90.90909091,0,8,78,38,34,76
CapitalistWoman,60,,5,5,100,1,87,98,96,96,61
CaptainDudeGuy,,us,7311,7183,98.24921351,0,15,95,85,15,5
Captaindecius,,,1336,1310,98.05389222,0,82,99,0,6,91
Casconvacc,21,,287,267,93.03135889,0,0,68,87,20,10
Casualfaget,,,13,8,61.53846154,0,17,92,6,34,34
Cat-Nipped,21,us,1212,1202,99.17491749,1,21,28,33,31,5
ChanceTheFoxxo,,,18,17,94.44444444,0,100,60,19,30,40
ChestNutSon,23,netherlands,73,70,95.89041096,0,94,89,28,0,44
Ciryher,,,10231,10059,98.31883491,0,85,95,15,50,15
Clayton66,,,2,2,100,0,80,95,69,14,6
ClosetedAndQueer,25,,397,377,94.96221662,1,50,50,15,15,85
CmdBelial,24,,531,530,99.81167608,0,27,87,8,2,93
Cocktorpedo,,,15042,13745,91.3774764,0,31,95,1,34,99
ColdOxygen,22,,1675,1564,93.37313433,0,90,13,20,2,99
Color0nTheRadio,,,1,1,100,1,74,71,49,22,74
Composer1989,29,,143,141,98.6013986,0,65,69,3,3,78
CoryTV,40,,3130,3060,97.76357827,0,2,95,2,74,22
CountryBoy014,,us,52,48,92.30769231,0,11,1,57,2,26
Craig,,,1427,1404,98.38822705,0,10,90,60,20,50
Crunchthemoles,30,,402,383,95.27363184,0,14,94,2,23,98
Cuandoman,,,154,150,97.4025974,0,0,27,31,14,5
Curt04,27,,4203,4151,98.76278848,0,0,88,73,3,78
Cyllya,,,614,614,100,1,75,33,16,1,91
Cynaria,,,156,151,96.79487179,1,83,91,15,13,94
DBucks1975,42,,3247,3149,96.98182938,0,43,80,38,47,34
DDickens1192,,,74,68,91.89189189,0,54,97,85,77,82
DF44,,uk,4678,4199,89.76058145,0,71,78,6,1,99
DSMan195276,,,4452,4443,99.79784367,0,99,73,31,8,73
DaLN,,,20,19,95,1,46,92,17,31,24
DanSoulKnight,,,1,1,100,1,46,45,20,16,87
Dan_G1024,,,20,13,65,0,79,40,4,7,99
Dangalf-,,,76,73,96.05263158,0,20,94,15,7,13
DarkHesperus,,,649,632,97.38058552,0,0,38,48,11,26
DejWoSWK,,,921,894,97.06840391,0,39.5,72,56.5,58.5,44
DenebVegaAltair,18,,12732,12063,94.74552309,0,64,44,33,8,88
Deroni76,18,bulgaria,14339,13520,94.28830462,0,40,54,1,19,95
Derse,18,us,2533,2318,91.51204106,1,75,72.5,67.5,40,25
DesperateMaintenance,,,4,4,100,0,77,98,78,20,34
Dickwheel,21,,3156,3070,97.27503169,0,10,92.5,40,65,40
Divector,,,628,602,95.85987261,0,32,65,64,7,49
Dmanadatory,,,352,324,92.04545455,0,95,97,54,98,6
Doc_Mharti,,,183,162,88.52459016,0,1,34,64,1,17
Doeido,29,,273,234,85.71428571,1,50,85,15,85,50
DrJack3133,33,,1610,1586,98.50931677,0,15,15,15,15,85
Dravidor,,,528,497,94.12878788,0,29.5,71.5,59,40.5,47.5
Dre4deau,,,37,37,100,0,23,37,41,57,61
Dream_Cancel,,,107,103,96.26168224,0,20,69,62,19,10
DrunkardGandalf,,,3,2,66.66666667,0,46,64,8,9,44
Duganmaster,,,433,424,97.92147806,0,35,90,1,92,91
Duncs11,,uk,6997,5815,83.10704588,0,12,6,58,59,28
Dungeon567,25,us,13138,12600,95.90500837,0,88,79,65,48,71
EdgierDoge,22,,4580,4361,95.21834061,0,50,50,15,15,85
Embarrassed_Delay,,,84,81,96.42857143,1,67,63,22,17,82
Emin7sus4,,,4,4,100,0,54,96,8,57,11
Emma__L,,,97,97,100,1,50,85,85,15,85
EpicDarkrai491,16,,1837,1758,95.69951007,0,78,62,61,15,38
Eric_The_Pipe,,,11,10,90.90909091,0,11,75,3,53,76
Erudite_Caveman,,,1,1,100,0,57,96,28,1,85
EventHorizonMeltdown,20,,380,379,99.73684211,0,13,53,11,28,42
Extremebomb,,,140,140,100,0,33,72,66,17,12
FJackSteel,64,,1,1,100,0,92,90,91,98,34
Falling_Spaces,18,us,1788,1720,96.19686801,1,6,16,22,2,95
FedRCivP12B6,,,1117,1073,96.06087735,0,28,87,15,47,59
Feka0815,,,53,52,98.11320755,0,39,89,31,57,2
FierceHamster,,,355,342,96.33802817,0,57.5,40,60,25,30
Fireskink,,,314,286,91.08280255,0,89,97,15,36,79
Fisktron,,,2278,2162,94.90781387,0,22,70,74,18,7
FollowJesus2Live,20,canada,6924,6712,96.93818602,0,32,27,95,14,13
Free286,,,20,19,95,0,68,98,35,99,9
FreemanPL,,poland,22,22,100,0,43,23,31,9,50
FromBPtoRP,24,,195,187,95.8974359,0,26,41,23,77,69
Fshatare,,kosovo,202,201,99.5049505,1,46,80,10,7,61
Fullmentalanarchist,,,81,74,91.35802469,0,46,91,0,14,13
Gaius_Octavius,26,,2588,2481,95.86553323,0,57,95,25,98,1
GloriousAchievements,,,3051,2066,67.71550311,0,15,85,15,85,85
Gnawgie,,,123,119,96.74796748,1,8,98,87,16,92
Gokotsu,,,5904,5887,99.71205962,0,85,50,85,15,50
Goldie_87,,,15,15,100,0,67,9,17,2,89
Grandflute,,,405,394,97.28395062,0,50,85,15,15,50
Grazfather,,,7679,7407,96.45787212,0,2,34,78,50,42
Gromowlad,,,50,50,100,0,0,78,52,84,11
GrotesqueUnrest,18,,453,420,92.71523179,1,0,76,69,7,93
Guatama,,,389,381,97.94344473,0,88,76,0,1,80
GusetTheCheese,,,7,7,100,0,35,87,10,1,50
GypsyGirl84,34,,153,138,90.19607843,1,67,90,87,71,50
Haderach88,,,1,1,100,0,68,92,83,16,26
HakaseDaNya,20,,1140,1114,97.71929825,0,96,27,22,1,92
HalfwayHoagie,,,643,628,97.66718507,0,17,20,1,63,13
Handarand,19,,3185,2897,90.95761381,0,2,86,59,96,56
HastyCapablanca,,,495,472,95.35353535,0,35,65,6,23,99
Hearty-Ventricle,,,23,20,86.95652174,0,30,74,78,7,22
HellhoundsOnMyTrail,31,us,19345,18120,93.66761437,0,85,85,15,15,85
HelloMyNameIsZ,,,87,78,89.65517241,0,1,98,11,80,78
HellsAttack,33,,7166,6989,97.53000279,0,49,9,88,21,41
HipHoptimusPrime13,,us,826,770,93.22033898,0,94,80,0,47,4
Holophonist,31,,25471,25210,98.97530525,0,85,58,98,59,71
Holy_God_Emperor,23,,56,52,92.85714286,0,61,97,4,72,69
Hortusecclesiae,,,1298,1205,92.83513097,0,26,98,78,97,47
Hotel_Joy,30,canada,2653,2584,97.39917075,0,77,71,8,0,86
Human_Paladin,,,941,891,94.68650372,0,55,98,95,60,15
IAmMalkira,,,4,4,100,1,15,94,0,50,96
IPLaYtoWiN,27,,520,512,98.46153846,0,10,90,80,20,50
IVarTh3boneless,,,24,24,100,0,23,37,31,0,50
I_I_Z_I_I,16,denmark,1416,1263,89.19491525,0,21,98,81,50,21
I_Photoshop_Movies,21,finland,12501,11739,93.90448764,0,80,80,70,40,60
I_found_BACON,18,,817,771,94.36964504,0,1,96,38,2,98
Incaendo,23,sweden,1678,1460,87.00834327,0,54,85,25,0,50
IndieDiscovery,27,,4394,4233,96.33591261,0,87,59,41,27,9
IndustrialSabotage,32,,5400,5267,97.53703704,0,95,99,39,50,35
InfluxWaver,20,,1664,1607,96.57451923,0,50,96,20,1,5
Interested-Koala,15,,8449,7827,92.63818203,0,18,5,1,1,98
Invisiblechimp,38,us,10541,10120,96.00607153,0,60,73,42,40,72
IronHeights24,24,,766,721,94.12532637,1,4,68,41,91,61
Irstas_sika,,finland,622,615,98.87459807,0,26,98,10,37,13
Ishtarrr,32,,1342,1302,97.01937407,1,0,85,8,96,0
ItObserves,26,,21,21,100,0,70,82,1,4,62
Ithilielk,25,,1688,1591,94.2535545,1,85,85,50,50,85
Itsnotadeathglare,35,,493,487,98.78296146,0,8,45,72,1,6
Ivan_1073,,,352,336,95.45454545,0,50,85,50,15,50
JackWilfred,18,,5953,5414,90.94574164,0,24,84,1,64,92
Janfox,17,germany,5233,2579,49.28339385,0,15,50,50,15,50
Japaliicious,20,,3234,2961,91.55844156,0,85,85,85,50,50
Jaydee780,,,965,879,91.0880829,0,12,50,45,10,81
Jell-oHammer,,,539,525,97.4025974,0,85,85,50,15,50
JoaquimJoaquim,,,190,168,88.42105263,0,9,1,50,12,52
JohnH_312,,,59,57,96.61016949,0,69,90,35,58,19
Jojovoid,,,23,22,95.65217391,0,79,62,50,57,80
JordanBPFan,,,84,84,100,1,53,68,54,53,71
Joshyybaxx,,australia,1998,1863,93.24324324,0,1,57,25,96,6
Julayyy,,,1487,1430,96.16677875,1,68,30,8,95,16
Jyana,33,,1723,1682,97.62042948,0,60,98,42,39,70
KAWUrban,,,1192,1018,85.40268456,0,75,44,18,79,26
KapabelSnabel,,,217,82,37.78801843,0,77,84,2,95,14
KayleighM,,,70,70,100,1,50,15,50,15,15
Keajralight,,,81,77,95.0617284,0,23,49,15,66,86
KekiKami,,,727,696,95.73590096,1,17,91,41,57,42
Kensham,24,,2439,2395,98.19598196,0,58,73,19,58,73
Kerbogha,,,6228,5207,83.60629416,0,6,15,1,16,27
Kicktoria,43,,767,745,97.13168188,0,4,33,0,76,96
KillaMarci,,,1863,1810,97.15512614,0,15,15,15,15,85
KittyMomo,,,311,306,98.39228296,1,60,45,4,12,97
Kohflot,,,56,55,98.21428571,0,30,95,30,50,85
Kootlefoosh,18,,1596,1489,93.29573935,0,64,81,30,61,58
Kranaros,20,,222,210,94.59459459,0,0,83,23,12,13
Kreindeker,20,uk,5392,5269,97.71884273,0,98,75,53,66,1
Kuerbel,28,germany,2187,760,34.75080018,0,10,80,20,10,70
LADataJunkie,,us,1633,1603,98.16289039,0,20,70,50,10,90
LRE,29,us,5092,4811,94.48153967,0,10,90,50,10,30
Laafheid,22,niger,1428,1380,96.63865546,0,35,89,2,66,80
Lady_Madonna_x6,46,,22,22,100,1,63,32,47,49,7
Lancet,,ireland,1402,1219,86.94721826,0,85,85,50,15,85
Largeblackmanatkfc,,,3,3,100,0,0,96,87,69,36
Laurencolella,,,70,70,100,1,85,15,50,50,85
LeChubRub,31,us,558,522,93.5483871,1,92,98,0,25,57
Lerge-ish,24,,739,693,93.77537212,0,63,78,65,50,35
LifeSmash,,,5170,4915,95.06769826,0,43,15,0,50,39
Lifeisfallingapart,36,,240,237,98.75,0,65,61,8,4,98
LightNessITA,23,italy,1990,1002,50.35175879,0,0,45,0,9,88
LittleTinGod,35,,1068,1041,97.47191011,0,22,57,24,3,91
Lowego408,30,,56,56,100,0,80,57,72,96,2
Luca_Abatemarco,,,26,26,100,0,85,85,15,50,50
LukeHiWalker,,,3,3,100,0,20,80,25,80,69
MABfan11,,,10783,9978,92.53454512,0,50,85,50,15,50
MDMA_Throw_Away,,,404,390,96.53465347,0,54,92,41,57,36
MTFD,22,netherlands,5892,3099,52.59674134,0,47,76,65,10,6
MadeToCrave,24,,11,10,90.90909091,0,57,57,17,7,18
Magnuax,,,275,220,80,0,8,37,27,11,98
Mamimisamejimamimi,23,,791,765,96.71302149,0,15,85,15,15,85
Mamyu,,,7,5,71.42857143,0,4,92,83,37,1
Mangeto,,,432,411,95.13888889,0,70,85,30,50,70
Maniacsurvivor,,,42,41,97.61904762,0,68,37,52,72,6
Marina_Oswald,24,,288,239,82.98611111,0,68,71,8,2,76
Mate_Cro,,,4,4,100,0,9,9,35,0,24
MatthewIcicle,,,96,90,93.75,0,68,75,49,66,92
Maven_Politic,,,3717,3545,95.37261232,0,0,80,13,53,20
McCackle,,,3944,3867,98.04766734,0,65,87,7,50,93
MeScamp,,,345,344,99.71014493,0,74,71,31,1,80
MetricExpansion,23,,2811,2768,98.47029527,0,30,70,15,15,50
Midnightarmadillo,,,196,185,94.3877551,0,10,30,20,20,60
Mikkjal,33,,373,354,94.90616622,0,50,94,59,50,78
Miserable_Sea,,,299,277,92.64214047,1,47,31,32,2,99
Mkmcat,,,7,7,100,1,0,98,83,98,6
MoonP0P,,,1595,1537,96.36363636,0,76,85,5,11,85
MovingClocks,,us,3506,3429,97.80376497,0,79,99,8,23,74
Movinoninits,,,19,18,94.73684211,1,23,89,25,75,80
Mr-Kabuki,19,,994,942,94.76861167,0,65,13,4,5,87
MrEugeneKrab,,,719,683,94.9930459,0,5,30,9,89,77
MrMoodle,,,7635,7398,96.89587426,0,46,92,85,62.5,46
MrRussian123,,,149,146,97.98657718,0,15,15,15,85,15
Mr_IamNotGandalf,,,141,135,95.74468085,0,23,91,59,82,34
MurrayConfederacy,,,782,765,97.82608696,0,9,41,10,4,90
Murray_RandBard,,,14,12,85.71428571,1,9,85,35,66,26
MyrTheSeeker,,,21,21,100,0,11,85,54,42,34
Natrtatr,,,20,20,100,0,13,28,4,86,24
Nausved,33,,7488,7459,99.61271368,1,78,91,57,3,10
Nematophyton,33,,53,51,96.22641509,0,26,75,20,25,59
NeutralGoodINTP,30,finland,803,761,94.76961395,0,17,27,8,4,90
Nietzscher,,,26,26,100,0,32,60,72,82,0
Nightmareish,,,404,387,95.79207921,0,85,98,63,3,86
Nithaniel,17,,589,553,93.88794567,1,5,50,15,5,15
NoPyroNoParty,,,4766,4586,96.22324801,0,99,71,80,10,47
NoctisIgnem,24,netherlands,3084,2453,79.53955901,0,30,85,50,50,50
NontranslationalZeus,,,1,1,100,0,17,45,0,14,3
NotAVisualThinker,,,70,70,100,1,95,50,15,5,15
NowYouMustClimbAlone,33,,43,42,97.6744186,0,74,98,93,72,6
Nuetella,33,,64,62,96.875,0,54,20,59,69,88
NukishPhilosophy,,us,226,212,93.80530973,0,1,8,91,24,7
NurseINeed40CCs,,,53,46,86.79245283,0,37,74,41,20,94
OKELEUK,,,5627,3786,67.28274391,0,66,99,1,49,99
ObeyRed,21,,60,60,100,1,13,94,83,47,90
Obliototone,,,4,4,100,1,77,27,2,0,92
OctogenarianSandwich,,,5929,5859,98.81936246,0,24,9,30,44,30
OisinDebard,40,us,978,949,97.03476483,0,87,86,0,13,83
OliRevs,,,20,20,100,0,23,80,23,77,36
Onslaught_Fei,,,85,84,98.82352941,0,32,99,99,91,0
OrangeCatapult20,,,227,220,96.91629956,0,41,63,6,2,26
Oxbridge,,,2096,1961,93.55916031,0,20,45,65,0,50
P3ltsi,27,,56,48,85.71428571,0,73,3,83,6,49
PHTMz,21,,1,1,100,1,32,91,94,96,86
PM_ME_MY_JUNG_TYPE,30,,2877,2635,91.5884602,1,60,97,45,50,85
PM_ME_UR_1ITIS_SNAP,18,,183,178,97.26775956,0,85,15,85,15,15
PM_me_dog_pictures,25,,1951,1902,97.48846745,0,25,71,50,75,92
PackmanKnight,,,161,156,96.89440994,0,29,76,48,8,99
PanditaExpress,30,,524,514,98.09160305,0,50,82,48,45,9
Pandoraswax,,,1113,1100,98.83198562,0,50,75,38,69,47
ParadoxAnarchy,18,,7967,7164,89.92092381,0,46,86,94,8,16
Passiflora93,24,,13,13,100,1,46,80,1,97,91
Pepebambuu,,finland,489,365,74.64212679,0,76,93,51,40,57
PhankLoL,,,197,194,98.47715736,0,68,97,13,4,67
Phase--2,28,,2098,1966,93.70829361,0,87,57,69,10,47
Philosofikal,23,us,2308,2217,96.05719237,0,1,77,46,19,58
PhoenixSmasher,33,,1417,1360,95.97741708,0,2,87,10,98,36
Pilott3,,brazil,625,625,100,0,63,94,41,1,1
Pizza_The_Hero,,,291,278,95.53264605,0,29,18,13,12,47
PlasticMan17,28,,579,549,94.81865285,0,11,78,63,89,9
PoisonThorn,19,,1417,1390,98.09456598,0,15,85,50,15,85
Posturepedic,,,149,146,97.98657718,0,99,99,20,1,84
Primer81,19,,793,732,92.30769231,0,91,51,26,0,74
Private-Witt,23,,299,291,97.32441472,0,1,93,64,54,41
Purples_A_Fruit,31,us,16051,15424,96.09370133,0,52,40,46,40,55
PushTheButton_FranK,35,,1424,1388,97.47191011,1,18,40,0,11,93
Quornslice,22,uk,3296,3202,97.14805825,1,76,69.5,58,31.5,68.5
Rainbow-Spite,27,,2438,2351,96.43150123,1,67,84,40,42,7
Ramacdo,30,,42,39,92.85714286,0,20,97,0,1,3
Rancerle,22,us,4795,4476,93.3472367,0,67,86,56,62,76
Ras-Algethi,42,us,935,866,92.62032086,1,95,84,1,91,24
RasputinsButtBeard,18,,2407,2345,97.42417948,1,80,67,60,53,11
Ratsalt,27,,467,427,91.43468951,0,13,37,28,28,88
Ravenguardian17,,,5578,4902,87.88096092,0,66,90,34,66,48
ReggaYegga,,,2232,2190,98.11827957,0,46,17,16,26,85
Reidir,29,,145,143,98.62068966,0,2,6,7,1,44
RelaxThisIsOnlyATest,,,6,6,100,1,5,95,5,50,95
Replicant28,31,us,3321,3156,95.03161698,1,94,85,62,60,50
RevolutionaryEbb,,,369,345,93.49593496,0,18,20,81,13,13
RiaanZoetmulder,,netherlands,200,84,42,0,55,63,90,73,10
Righthandofxenu,,,42,36,85.71428571,0,0,89,98,22,50
RiverFlowingUp,24,,682,664,97.36070381,1,35,91,3,90,25
Rixe,,uk,1580,1517,96.01265823,1,51.5,50.5,53,54,65
Rlack,15,,2423,2068,85.34874123,0,8,97,61,19,67
Rocky_Bukkake,24,us,9664,8993,93.0567053,0,88,88,32,31,6
Roonweld,22,,642,636,99.06542056,0,11,80,49,43,61
RoryRad,22,,154,121,78.57142857,0,95,71,62,22,32
RubenSpyck,,,3,3,100,0,3,80,7,95,53
RustySup,,,1,1,100,0,29,20,25,5,64
Rvwrr,,,6,6,100,0,43,91,3,92,20
SPQR1776,19,,3195,2655,83.09859155,0,93,93,97,1,99
SYO2017,,,31,31,100,0,39,94,63,31,69
Sabata11792,,,5191,4553,87.70949721,0,8,11,74,1,25
Sageless,,,29,29,100,0,1,91,1,34,99
SamURLJackson,36,us,5013,4970,99.1422302,0,1,37,57,17,67
Santza886,17,,232,220,94.82758621,0,61,16,33,1,99
SassyLibrarianGoesSh,31,,9405,8538,90.7814992,1,58,77,67,79,67
Scending,,,184,164,89.13043478,0,17,53,2,82,7
Scornful_One,,,427,380,88.99297424,0,3,80,38,31,36
Scott555,47,,2385,2344,98.28092243,0,4,80,11,9,96
Seanctk10001,,us,4169,3962,95.03478052,0,50,85,15,85,85
SentientCat,,,475,442,93.05263158,0,43,92,31,94,50
Serious1yJoking,,,743,698,93.94347241,0,23,34,28,5,25
Serspring,,,1230,1129,91.78861789,1,85,50,50,15,15
Sexua1Ref0rmer,,,62,55,88.70967742,0,70,85,85,50,15
Shadow_Of_,16,,37017,33049,89.28060081,0,76,47,1,4,75
SharFinn,,,2,2,100,0,65,96,83,77,44
SharoninBavaria,42,,2,2,100,1,43,85,80,60,61
Sharpes_Sword,,us,3938,3786,96.14017268,0,93,91,96,4,21
ShittyMcShitbreath,45,,2109,2021,95.82740635,0,84,95,91,77,62
ShockinglyAccurate,18,us,7049,6675,94.69428288,0,85,85,15,15,50
ShrinkingWild,,,28,28,100,0,11,64,0,0,16
SilentSwordYE,15,,1040,937,90.09615385,0,50,50,50,50,
Simcurious,,eu,1502,1472,98.00266312,0,93,84,10,86,3
Sinthemoon,,canada,3858,3275,84.88854329,0,39,56,46,52,52
SkincareQuestions10,28,,8181,7350,89.84231757,0,74,96,17,96,47
Skinny_boi13,,,111,105,94.59459459,0,13,26,45,9,88
SlipperySalm0n,,,161,150,93.16770186,0,0,89,0,4,96
Smart-Monkey,,,1309,1250,95.49274255,0,79,92,30,11,70
Smilemoreplz,,,15,6,40,0,9,85,52,40,1
Socrates666,30,,3928,3746,95.36659878,0,50,85,15,15,50
SonOfWolves95,19,us,3817,3711,97.22294996,0,96,92,30,13,72
Sorcatarius,30,canada,14813,14588,98.48106393,0,65,54,67,58,21
SparklyRedLightsaber,,,127,121,95.27559055,0,0,78,1,97,39
Stainedview13,,,76,72,94.73684211,0,6,89,56,47,84
Stoic-Mentat,,,819,799,97.55799756,0,50,85,85,15,85
Stratemagician,,,402,389,96.76616915,0,63,65,60,38,28
Strength_from_Within,,,149,149,100,1,85,15,85,15,15
StyreotypicalLurker,,,502,323,64.34262948,0,98,78,18,8,47
Svanhvit,,,4159,4064,97.71579707,0,38,80,1,21,99
SwitchToDecaf,19,,357,344,96.35854342,1,60,55,64,14,49
T-888,37,,2815,2685,95.38188277,0,65,49,97,82,11
TFCNU,,,1221,1213,99.34479934,0,2,62,86,3,23
Tea_Holic,20,us,1312,1299,99.00914634,1,1,34,79,57,18
Tetha,,germany,9135,9064,99.22276957,0,70,48,56,12,58
ThatThingInTheCorner,17,,3511,2605,74.19538593,0,83,52,38,5,99
The-Constable,,,417,401,96.16306954,0,95,95,70,50,5
TheAmazingPeanut1,,canada,115,113,98.26086957,0,85,50,23,53,74
TheAspiringTitan,18,,1,1,100,0,11,83,23,18,78
TheDoctorShrimp,,netherlands,1892,1802,95.24312896,0,65,78,35,43,58
TheInfernalRain,,,2131,1903,89.30079775,0,12,72,1,1,98
TheLastHayley,,,914,905,99.01531729,1,40,70,50,90,90
TheProphetCrow,,,56,55,98.21428571,0,17,65,2,9,53
TheQuipton,,,7449,6480,86.99154249,0,78,30,37,29,82
TheRealDonaldTrump__,,,688,670,97.38372093,0,9,92,80,91,6
The_Bacon_Reader,,,2485,2365,95.17102616,0,71,80,31,88,10
TheakashicKnight,,,85,79,92.94117647,0,1,68,15,9,10
Theartofwriting,,,8,8,100,0,50,90,7,96,39
Threctic,19,germany,7083,5567,78.59663984,1,50,90,15,15,90
TigerP,,poland,1204,1161,96.42857143,0,20,30,20,10,50
Tilas,31,,4959,4902,98.85057471,1,13,8,61,1,85
Time_Animal,,,1587,1527,96.21928166,0,0,71,13,10,82
TitusVI,32,germany,5211,5057,97.04471311,0,70,50,5,5,85
TrixieBastard,,,120,117,97.5,0,95,41,0,27,36
TubeFerret,,,29,27,93.10344828,0,50,57,0,9,97
Twinkle-Tits,,,451,444,98.44789357,1,95,85,15,85,85
TwoPunnyFourWords,33,,5247,5190,98.91366495,0,63,58,13,33,60
Tyrant2468,,,20,19,95,1,1,96,1,4,97
Uhh_Political,,,890,864,97.07865169,0,32,45,40,39,10
Unseen_Creep,,,859,831,96.74039581,0,10,90,40,10,40
Vacume1234,,,15,14,93.33333333,0,70,70,5,15,95
Valaha,,,82,80,97.56097561,0,9,8,13,0,95
VampyPoootyTang103,,us,93,72,77.41935484,0,4,91,59,89,20
VelvetSphincter,22,,2820,2694,95.53191489,0,9,30,10,4,90
Vespinian,24,,12,11,91.66666667,0,92,41,72,40,11
Vineee2000,,,189,185,97.88359788,0,26,8,52,75,3
Vixen_Lucina,26,,4975,4935,99.1959799,1,98,40,1,1,99
Vodkashower,,,2,2,100,0,57,2,72,77,56
VorpalPen,32,us,954,924,96.85534591,0,56,62,46,5,68
VowelmanIscariot,,,775,598,77.16129032,0,32,51,4,27,99
Vuz4n,20,,196,188,95.91836735,0,50,85,15,15,50
Wasp2374,17,,1874,1822,97.22518677,0,50,85,50,50,15
WeHaveSomeQuestions,26,,1662,1578,94.94584838,0,39,96,11,37,88
Wedonegoofed,20,,5922,5478,92.50253293,0,44,73,2,5,84
WheresFreudAt,,,281,269,95.72953737,0,31,90,2,30,98
WhyDoCatsBark,,,1195,1073,89.79079498,0,1,22,74,15,78
WhySoOverHeated,,,263,253,96.19771863,1,71,75,52,94,86
WineRedPsy,17,,6886,4962,72.05925065,0,22,98,1,73,99
WiseGains,20,,726,706,97.24517906,0,20,27,88,93,11
WittyOriginalName,37,,47062,46222,98.21512048,0,15,85,15,85,15
Xaielao,45,,7609,7490,98.43606256,0,78,57,38,31,10
Xipu,,,9,9,100,0,74,95,11,94,0
YESdude97,21,,28,28,100,1,92,83,69,10,44
YaseenNoorani,,,121,118,97.52066116,0,0,20,15,22,6
YoungMackers,21,,2,2,100,0,2,96,78,34,1
Yousuflol,17,,151,142,94.0397351,0,74,49,65,34,74
YuberiTii,,,171,163,95.32163743,0,0,95,1,22,22
Yuluyie,,,198,86,43.43434343,1,78,20,50,21,37
Z-DUBs,,us,127,122,96.06299213,0,74,45,20,25,25
ZachWaldman,,,7,7,100,0,65,98,56,98,87
Zig_dan,,,54,50,92.59259259,0,30,68,26,11,49
Zoto888,,,7280,6970,95.74175824,0,6,71,75,17,1
Zulgyan,,,8,5,62.5,1,26,91,8,57,44
_AnObviousThrowaway_,,,3696,3638,98.43073593,0,77,70,68,63,84
_RoryKW,,,98,98,100,1,50,85,85,50,85
__apple__,,,112,104,92.85714286,0,15,37,63,82,6
__cunty__,,,6378,5726,89.77735967,1,67,75,83,83,23
__johnbot__,,,11,11,100,0,20,92,0,72,4
_pharaoh,20,,1102,1052,95.46279492,0,52,54,9,5,81
ab1138,,,2,2,100,0,35,18,0,50,94
aelendel,,,15637,15331,98.0431029,0,74,65,17,79,1
agm66,51,,2656,2620,98.64457831,0,90,82,31,5,58
ahhwoodrow,32,,738,660,89.43089431,0,41,43,44,14,17
akeinator,,,8,8,100,0,82,78,1,25,74
alcoholicthrowaway32,,,23,23,100,1,15,95,15,15,85
alex-moita,33,,116,108,93.10344828,0,24,77,4,18,74
alex_steppenwolf,,,479,438,91.44050104,0,50,53,1,5,87
alexwagbo,,,4494,3987,88.71829105,0,18,15,36,1,1
amathyx,24,,4631,4413,95.29259339,0,15,15,15,15,85
amay330,19,,179,177,98.88268156,1,52.5,64.5,45,61.5,38.5
amazo13,,,68,68,100,0,57,91,7,34,1
amuredem,,,293,292,99.65870307,1,57,97,17,77,96
andnowmywatchbegins_,,,170,155,91.17647059,0,61,85,97,96,13
anmille3,,,79,74,93.67088608,1,73,0,74,17,91
anomaly023,,,2166,2063,95.24469067,0,1,90,86,1,47
another_guy_montag,,,2707,2334,86.22090876,0,73,49,1,1,100
anthrolooksee,,,3421,3242,94.76761181,1,50,85,85,15,15
antisocialbjj,29,,1,1,100,1,43,53,2,18,67
antoineks,,,66,65,98.48484848,0,3,83,35,34,13
arakuma,20,,469,452,96.37526652,1,1,46,93,1,64
aristotleschild,,us,2624,2371,90.35823171,0,53,85,50,23,65
arrangementscanbemad,33,,2317,2260,97.53992231,0,85,85,85,50,15
athanaton,,,4037,3853,95.44216002,0,99,90,44,14,97
atomikitten13,,,1466,1291,88.0627558,0,25,59,24,47,20
ayres88,22,brasil,1113,1008,90.56603774,0,0,37,75,88,2
b3g8fk3,,,218,205,94.03669725,0,15,50,15,15,85
babalu32,43,,1215,428,35.22633745,0,11,71,31,28,98
barbellbunnyj,21,,93,90,96.77419355,0,13,83,23,31,97
batteredalmond,,,1469,1356,92.30769231,0,18,88,10,30,50
bdsmthrowthrowthrow,,,39,39,100,1,15,15,15,50,15
beekeepersmyth,,,15,15,100,1,46,96,23,98,94
belgianpancakes,,netherlands,151,148,98.01324503,1,93,73,38,12,82
beloiseau,20,,1924,1799,93.5031185,1,61,73,54,17,20
bendtowardsthesun,23,,238,237,99.57983193,1,85,85,15,50,
benevolentcannibal,26,,218,214,98.16513761,0,80,90,15,4,26
bertweaze,24,canada,3094,2904,93.85908209,0,2,98,0,96,64
betterwaystodie813,,,114,107,93.85964912,0,88,30,63,4,86
bird_up,,,99,96,96.96969697,1,1,49.5,52.5,66.5,43
bjilly,,,1469,1398,95.16678012,0,80,70,60,30,80
blank_zilla,,,346,331,95.66473988,0,32,69,52,53,67
blinfy,34,,184,180,97.82608696,1,57,64,45,2,11
blushdot,,,350,350,100,1,39,90,69,20,26
bnzss,,,6627,5925,89.40697148,0,61,53,18,44,42
bodyguard94,,,10,10,100,0,87,80,59,80,31
bonkrood,36,,11487,11028,96.00417864,1,50,71,60,62,42
boombotser,17,us,15179,13676,90.09816193,0,28,91,32,17,6
borgesvpm,,,22,22,100,0,57,80,88,3,90
boyyyiee,18,,31,30,96.77419355,0,0,49,35,95,29
bradbrawn,,,2,2,100,0,95,7,90,14,6
brett_tennyson,33,,364,351,96.42857143,0,13,41,7,9,84
britboy3456,,,3584,2929,81.72433036,0,22,5,57,47,17
brown_business,,,269,258,95.91078067,0,50,85,50,85,15
buckarina,,,58,55,94.82758621,1,13,89,23,40,84
buffalochickenwings,,,1281,1266,98.82903981,1,30,50,50,30,70
bwicesoldier,24,,1307,1300,99.46442234,0,88,72,53,4,48
byukid_,,,5746,5339,92.9168117,0,17,90,20,96,88
c43ppy,,,13,12,92.30769231,1,93,80,31,31,5
cenease,23,,640,628,98.125,1,30,70,95,5,95
ch0whound,22,,963,933,96.8847352,1,43,68,7,60,93
chakke_ooch,26,us,5827,5551,95.26342887,0,1,28,62,33,46
chancehappeneth,,,1025,1020,99.51219512,1,9,32,95,8,80
chantingpolynesian,,,310,267,86.12903226,0,85,88,,84,51
chaosdiver,,,19,18,94.73684211,1,15,15,5,5,95
chinookk,24,,5686,4652,81.81498417,0,50,69,31,52,31
chopperhead2011,25,,2753,2565,93.17108609,0,61,71,17,82,97
chr1531n3,,,19,17,89.47368421,1,1,79,1,98,1
christinaf25,,,3018,2983,98.84029158,1,20,80,50,30,40
cklampe,,,2,2,100,0,87,37,28,0,76
classicalmusicfan,,,518,498,96.13899614,1,6,78,90,60,88
classykindasassy,33,,3964,3700,93.34006054,1,73,73,56,58,35
cleaning_my_room,,,22,21,95.45454545,0,73,87,63,82,84
cloeycallahan,,,28,28,100,1,50,15,15,85,50
clouded0coffee,,,95,95,100,1,50,50,50,85,15
cnst,24,,479,450,93.94572025,0,6,93,74,48,5
collegemathchef,27,us,10104,9467,93.69556611,0,57,95,87,94,10
colossalteuthid,,,2216,1872,84.4765343,0,70,99,1,95,50
communistkiro,,,80,76,95,0,12,15,88,4,52
conspiracygirl2,,,4,4,100,0,23,78,20,34,1
copper1106,23,brazil,234,224,95.72649573,0,3,94,0,28,84
crom-dubh,38,,4354,4255,97.72622876,0,70,65,61,14,80
cydneywithac,,,980,929,94.79591837,1,50,46,48,76,43
cypherfied,,,49,49,100,1,47,80,17,14,85
dani55555,,,15,9,60,0,13,1,5,1,99
dank4tao,27,,4684,4480,95.64474808,0,17,89,7,80,39
dankthewank,,,822,790,96.10705596,1,6,13,79,14,85
dante76,,,1503,1471,97.87092482,0,50,95,85,85,15
dapd4p,,,93,86,92.47311828,0,70,77.5,27.5,50,55
dariddler,,,246,241,97.96747967,0,0,41,52,12,49
dbabbitt,55,,1796,1768,98.44097996,0,5,50,30,85,15
dc_1984,32,,420,404,96.19047619,0,26,87,69,50,82
demoran,,us,2886,2746,95.14899515,0,50,50,50,15,15
depressednymetsfan,,,223,223,100,0,8,2,98,6,61
desktopinsomniac,,,299,283,94.64882943,1,83,67,67,48,71
deviantmoomba,27,,2175,2091,96.13793103,0,88,80,41,82,91
diceroll123,23,us,16059,14697,91.51877452,0,85,50,50,50,15
diet_dr_kelp,,,2798,2684,95.92566119,0,90,94,78,4,39
dimitrym,,,167,30,17.96407186,0,39,45,66,69,80
dingbat21,,,2092,2083,99.56978967,0,31,86,31,32,15
dirtychopsticks,,,21,21,100,0,5,30,59,14,86
djoldman,,,85,83,97.64705882,0,1,65,94,7,1
dm212_,,,2,2,100,0,0,49,7,50,56
dndnerd42,27,,1398,1389,99.35622318,0,14,75,98,1,82
doctorbull,,,678,661,97.49262537,0,98,99,5,4,96
downsouth,,,152,146,96.05263158,0,57,20,74,18,55
drtreadwater,28,australia,2697,2637,97.7753059,0,0,57,13,18,3
dum_dum_boy,27,,166,160,96.38554217,0,3,91,0,7,84
eZelta,20,,107,101,94.39252336,0,14,50,49,1,29
eclecticnovice,21,,32,30,93.75,1,33,73,1,18,1
eddiesoupspoon,,,45,42,93.33333333,0,80,84,15,88,90
egj21,,,4,3,75,1,29,91,25,72,53
eileensariot,30,,13567,12159,89.62187661,1,4,43,83,8,61
el_mundo_es_tuyo,,,16,16,100,0,18,48,83,65,20
elusivite,22,,236,223,94.49152542,1,50,85,15,50,15
elvesarecool,,,1,1,100,1,0,71,4,18,59
escapist11,28,,11265,10422,92.51664447,1,3,90,52,9,49
eternia16,,netherlands,1244,1031,82.8778135,0,85,85,50,85,15
ethanambrose,17,,441,417,94.55782313,0,68,77,78,43,14
ezwip,39,us,7148,6984,97.70565193,0,11,31,99,11,49
factorum,24,,723,712,98.47856155,0,85,50,15,70,30
farihahaha16,,,172,171,99.41860465,1,85,50,85,50,50
fhqiwakjlnsd,,,12,11,91.66666667,0,15,15,85,15,85
fieldhome,,,856,835,97.54672897,0,34,96,3,50,40
firthspaceman,,,27,25,92.59259259,0,43,96,52,28,53
fluoroamine,,latvia,6486,6034,93.031144,0,0,98,94,72,69
flutteralt,,,17,15,88.23529412,0,29,49,15,1,2
flyflagger,,,121,111,91.73553719,1,73,50,79,21,6
frane_1987,,,6,6,100,0,54,53,31,89,67
freethinker101,,,164,142,86.58536585,0,25,82,1,28,99
freshstart31,31,,728,709,97.39010989,1,90,79,60,73,17
fretspyder,,,745,714,95.83892617,0,3,97,49,47,29
fromthepeace,,,139,121,87.05035971,0,25,69,69,13,62
ftpgshow,,us,65,61,93.84615385,0,57,93,92,22,87
fuzzybugs,,,50,42,84,1,69,41,35,7,43
fwipojr,,,526,458,87.07224335,1,80,91,25,20,48
g4henderson,22,,1240,1172,94.51612903,0,14,70,10,11,8
garglemyload,,,4301,4127,95.9544292,0,60,83,85,58,40
gentlemanliness1,,,269,254,94.42379182,0,87,57,75,72,13
gerudothiief,,,4,4,100,1,77,50,56,19,22
gettingawayfromthesp,,,1065,998,93.70892019,0,64,77,49,42,76
ghaering,40,,159,158,99.37106918,0,90,45,49,10,10
glasapplet,,,164,162,98.7804878,0,27,96,92,5,66
gnoppa,,,151,149,98.67549669,0,11,96,59,77,9
goddamnhivemind,27,,2362,2185,92.50635055,0,17,59,46,5,32
goodjason89,27,us,825,793,96.12121212,0,26,45,85,96,29
goodusername,,,804,778,96.76616915,0,10,10,74,37,76
googolplexbyte,23,,16271,15912,97.79362055,0,83,5,63,30,44
goyo_goyo,,,259,247,95.36679537,1,16,40,2,40,97
guynumberjuan,28,,211,202,95.73459716,0,0,41,96,66,29
haggardjesus,,,1,1,100,0,0,13,56,25,34
happygolily8,18,,504,485,96.23015873,1,95,15,85,50,85
heart2start,,,49,48,97.95918367,1,24,91,0,94,36
heisgone,39,canada,17980,17693,98.40378198,0,39,89,1,22,61
heliotach712,25,ireland,19778,19342,97.79553039,0,38,86,10,3,69
hellosayonara,,,202,188,93.06930693,1,43,80,25,48,90
heloxcall,,,1,1,100,0,4,1,1,20,99
herrng,,,233,228,97.85407725,1,48,73,10,30,78
hhhheppy,23,,3081,2880,93.47614411,0,71,53,17,3,31
hisashino,,,63,50,79.36507937,1,1,58,24,1,96
hoodoowoodoo,25,,213,212,99.53051643,1,85,85,5,50,70
i_have_a_gub,31,,757,732,96.69749009,0,43,75,68,1,82
iamclaus,,,1351,1323,97.92746114,0,34,50,51,8,26
iamnotthepita,,,22,22,100,1,51.5,73,37.5,56,57.5
ienfj,,,86,85,98.8372093,1,50,47,58,22,93
igivefreetickles,39,,2649,2460,92.86523216,0,53,90,35,83,50
ijorthegreat,20,,664,609,91.71686747,0,99,87,78,83,48
immortaldiamond,,,166,149,89.75903614,1,95,90,87,3,95
incinerateforests,,,189,172,91.00529101,0,22,70,64,31,1
indignantdivinity,,,242,221,91.32231405,0,15,95,85,95,5
infinitelywallace,,,127,125,98.42519685,1,98,100,93,66,81
ishabad,17,,24395,21572,88.42795655,0,18,9,42,22,80
isismacdonald,,,20,20,100,1,73,74,2,31,95
itsacandydishned,,,62,60,96.77419355,0,46,71,75,88,3
itstrue_ididnotlie,,,752,749,99.60106383,1,11,65,4,11,94
jaazmiineee,22,uk,82,81,98.7804878,1,50,50,15,50,85
jagger72643,24,,513,504,98.24561404,0,83,87,9,24,61
jarjarguy,,,146,135,92.46575342,0,44,86,8,6,81
jb567,,australia,8188,6810,83.1704934,0,56,46,54,42,95
jcashore1,,,1,1,100,0,57,99,11,16,61
jdasilv,,,47,45,95.74468085,0,85,50,50,15,85
jean0_,,,67,65,97.01492537,1,96,91,38,8,17
jediknight,,romania,6900,4849,70.27536232,0,85,92,15,57,20
jedlickace,26,,34,33,97.05882353,1,43,90,1,12,96
jeffwak906,19,,22,21,95.45454545,1,94,53,89,37,14
jeremyfirth,37,,6234,6101,97.86653834,0,34,64,23,85,18
jessefscott,,,42,41,97.61904762,0,79,20,83,18,60
jfc47,30,,124,117,94.35483871,0,74,96,56,60,74
jibbern,20,sweden,173,170,98.26589595,0,29,64,80,31,9
jitsman,,,19,19,100,0,5,75,52,4,67
joantheunicorn,,us,17074,16843,98.64706571,1,57,80,86,79,55
joellllll,,,1934,1892,97.82833506,0,4,64,3,10,1
jothamvw,19,,10038,6595,65.70033871,0,86,1,15,1,98
jpetersonthrowaway,,,1,1,100,0,0,98,49,91,61
kai333,,us,14048,13358,95.08826879,0,79,88,71,58,10
kalg,35,,1128,1122,99.46808511,1,59.5,60.5,51.5,38.5,38.5
kalvinescobar,,,1037,1015,97.87849566,0,24,55,24,6,35
kaoru17,,,89,81,91.01123596,0,11,83,7,69,95
kaoruwang,,,10,10,100,0,80,69,11,69,34
kaqn,26,,179,160,89.38547486,0,58,77,58,54,37.5
katinahat,30,,816,802,98.28431373,1,41,31,95,3,13
kaypinzur,,,140,137,97.85714286,0,85,50,85,50,85
keep_on_sorting,,,2,2,100,1,29,78,25,16,98
keepitsalty,22,,1082,1065,98.42883549,0,50,96,87,93,84
kek_mit_uns,,,554,539,97.29241877,0,6,84,6,28,84
kevgm,,,831,770,92.65944645,0,34,88,50,21,4
kit094,29,,20752,19086,91.97185813,1,71,69,40,44,52
kjfhpiugydg,,,1,1,100,0,39,23,45,2,8
kookiemarie,,,60,54,90,1,30,70,,50,85
kremlinmirrors,26,,3258,3121,95.79496624,1,86,76,45,10,92
krishol,,,9576,8907,93.01378446,1,48,44,15,99,13
kronos55,22,,575,553,96.17391304,0,2,16,44,4,77
ksvr,43,,9782,9631,98.4563484,0,25,71,49,17,45
l23VIVE,19,us,3642,3361,92.28445909,0,71,89,13,98,41
laercia,,,61,61,100,0,84,95,81,31,5
lanbanger,,,3964,3548,89.50554995,0,10,50,30,10,70
latino_heat420,33,,2194,1950,88.87876026,0,54,93,0,0,95
laughterasthepower,17,,3792,3530,93.0907173,0,47,99,15,99,1
lawilson0,,,186,181,97.31182796,1,59,93,7,16,60
lemmykilmr97,,,121,110,90.90909091,0,7,16,81,17,26
libelle156,,,13420,12955,96.53502235,0,71,95,3,78,49
lindajav,,,127,125,98.42519685,0,50,15,50,50,50
lindsayweird,,,400,387,96.75,1,60,90,0,60,80
litlebrownowl,,,336,327,97.32142857,1,4,70,35,18,32
littlerubywolf,25,,277,259,93.50180505,1,15,50,15,15,85
llewesdarb,32,,2283,2219,97.19667105,1,65,53,8,1,96
loccocpoc,22,,119,116,97.4789916,1,98,45,69,5,97
lolomgwtfbbqq,,,68,50,73.52941176,0,0,11,93,5,1
lonely_ren,,,1,1,100,1,28,69,22,6,85
lonesion,,,21,21,100,1,12,29,3,50,74
lordoftheslums,35,,3088,2978,96.43782383,0,41,70,48,59,51
ltohang,,china,119,115,96.63865546,0,0,64,0,20,98
luciddreamsindigital,,,826,773,93.58353511,0,8,85,31,2,97
lucysfan,,,831,777,93.50180505,0,77.5,77.5,35,42.5,72.5
luxetveritaas,,,5,5,100,0,11,98,66,57,53
lychee_ow,,,28,28,100,1,92,76,35,27,94
lzimmy,38,,7058,7015,99.39076226,1,83,80,46,37,14
madbomber06,37,,440,420,95.45454545,0,65,87,83,99,9
madviking,23,us,13012,11757,90.35505687,0,88,96,2,13,92
majamba20,,,102,102,100,0,61,97,0,66,67
mallorydelanoy,,,249,244,97.99196787,0,15,50,50,50,50
mamblerbambler,,,311,297,95.49839228,1,1,72,61,13,43
manimsoblack,,,490,462,94.28571429,0,12,55,54,39,4
marebaer,19,us,466,444,95.27896996,1,15,85,85,15,50
marulken,17,,155,134,86.4516129,0,5,68,8,69,36
masterpotato45,,,549,531,96.72131148,0,50,87,56,69,89
mathquark,,,63,63,100,0,61,97,49,80,10
max_occupancy,,,1597,1542,96.55604258,0,70,21,77,1,29
maytriforcebewithyou,,,146,123,84.24657534,1,53,53,85,55,13
mazel-t0v,,,212,204,96.22641509,0,54,96,72,4,92
mechwarriorbuddah,,,5937,5780,97.35556678,0,85,50,50,15,85
meganhoins,,,25,25,100,0,85,50,85,50,85
melissarodriguez1,,,138,138,100,1,85,15,85,50,50
memberZero_,,,391,378,96.67519182,0,15,85,50,50,15
menticide_,19,,1870,1848,98.82352941,1,61.5,63.5,61.5,41,74
metalglasses,,,3,3,100,0,56,79,62.5,35,60
mickhoran,,,415,392,94.45783133,0,68,95,72,94,36
microinfluencer,,,180,163,90.55555556,0,26,96,96,50,76
mike_kagi,35,,307,307,100,1,50,85,15,50,50
mikeochondria,,,864,804,93.05555556,0,65,95,83,63,61
mirandaderp,,,22,20,90.90909091,1,99,84,59,0,94
mma-b,31,uk,2069,2057,99.42000967,0,6,97,1,34,36
momo_0201,,,153,131,85.62091503,0,90,89,20,4,96
monotone_kid,25,,99,99,100,0,50,85,15,50,85
moochermaul,,,2,2,100,0,0,96,95,10,29
moonfever,30,canada,2328,2249,96.60652921,1,54,63,38,6,85
mrchamphugeballs,,,14,14,100,0,4,71,23,31,91
mrgriffin88,30,,3260,3083,94.57055215,0,78,58,83,53,38
mu_bit,,,9,9,100,0,9,37,7,37,96
my_milkshake,27,,140,136,97.14285714,0,11,87,10,66,13
myhy_sae,22,,1010,1000,99.00990099,0,50,85,50,50,50
nbyung09,,,881,803,91.14642452,0,50,50,15,15,15
neibegafig,24,,4325,4231,97.8265896,0,93,81,73,46,35
neverknow890,23,,386,381,98.70466321,1,50,95,5,95,95
newfor18,,,3,3,100,0,46,41,8,46,96
newsjunki,39,us,1516,1499,98.87862797,1,21,94,83,85,21
nightpatrolcat,,,6,4,66.66666667,0,87,91,52,10,76
nitroos,,,87,80,91.95402299,0,90,0,10,2,17
nocuddles4me,36,,287,287,100,1,34,69,41,3,92
not_new_name,,,2,2,100,0,80,95,41,96,90
notaloop,29,us,4602,4416,95.95827901,0,44,60,50,40,48
notworking6,,,285,282,98.94736842,0,76,72,60,86,78
nrgstorm,,,183,178,97.26775956,0,28,57,69,2,72
oOblackrabittoOo,,,26,26,100,1,50,50,15,15,85
okusernamed,36,,1178,1145,97.19864177,0,52,70,38,68,31
ondraaaa,,,1,1,100,0,96,20,13,3,95
onion926,,,490,474,96.73469388,1,50,85,15,15,85
ookaysee,,,1,1,100,0,29,71,90,84,9
ottographic,,,218,210,96.33027523,0,32,83,2,40,78
ourlegacy,20,denmark,7173,6796,94.74417956,0,18,11,1,5,50
paddywhack,,,2088,2019,96.6954023,0,20,91,71,88,19
pallidio3,,,2914,2832,97.18599863,0,40,98,1,1,83
peacestream,,,70,62,88.57142857,0,32,49,11,63,88
pearlz176,,,16498,14532,88.08340405,0,87,7,79,1,49
penitent_spark,,,29,29,100,0,0,92,85,34,5
permaculture,,,33219,31417,94.5753936,0,44,65,64,18,55
peter199,,,2193,1978,90.19607843,0,99,74,17,29,99
peterson2111,20,,590,575,97.45762712,0,60,98,90,1,99
ph0enix_1337,,,40,39,97.5,0,54,97,4,8,37
philoso-sniper,,,33,33,100,0,0,75,49,47,76
philosopher95,,,2,2,100,0,32,27,97,97,20
pikachuuuuu,30,us,20721,20307,98.00202693,1,85,50,85,5,85
pinetreeteepee,,,343,338,98.54227405,0,6,68,31,72,95
pinkfloydchick64,,,2510,2384,94.98007968,1,73,20,69,10,85
pixel_pwnage,,us,1380,1299,94.13043478,0,54,85,95,92,36
pm_me_your_molars,23,,11706,11391,97.30907227,1,0,38,43,77,12
pokeplun,,canada,1414,1174,83.02687412,0,81,43,50,22,63
polskibyproxy,,,243,240,98.7654321,1,18,95,87,4,98
polyglon,,,1191,1165,97.81696054,0,38,64,14,1,86
powerpab,,,412,373,90.53398058,0,46,41,7,99,45
ppfftt,36,,4164,4128,99.13544669,1,10,70,70,30,80
probably_a_bitch,27,,5058,5007,98.99169632,1,10,70,50,30,80
prstrjn,,,222,213,95.94594595,0,39,94,13,80,84
pseudomuffin,25,uk,4245,4079,96.08951708,1,79,84,86,53,1
quiapossevidentur,23,,1,1,100,0,77,61,83,34,18
quirked,,,1007,980,97.31876862,0,14,80,35,31,37
quiteafewfireflies,32,,9604,9421,98.09454394,1,50,85,15,50,85
r-aze,,,136,136,100,1,1,47,93,10,4
r131313,,,5909,5685,96.20917245,0,3,93,54,24,40
rad5gbbr,,,13,13,100,0,5,85,7,4,90
rafeem,31,,10868,9901,91.10231873,1,77,85,31,46,94
rainbowhotpocket,21,,11475,10867,94.70152505,0,15,15,85,85,50
random_parallel,33,,133,133,100,0,57,65,17,12,71
rara_rain,,,13,13,100,1,61,78,13,72,87
rationality404error,,,1537,1513,98.43851659,0,32,80,21,82,59
realsyberg,,,5641,4812,85.30402411,0,67.5,92.5,52.5,52.5,35
rectiddly,,,97,95,97.93814433,0,2,61,3,14,9
recursive_logic,,,164,159,96.95121951,0,10,70,58,4,43
regrettablenamehere,,,10247,8411,82.08256075,0,26,78,1,4,21
revenantwolf,,,540,520,96.2962963,0,7,96,96,19,34
rijoja,,,1716,1579,92.01631702,0,9,78,3,68,66
rimlarimla,,,12,9,75,0,50,75,96,94,2
rohmer9,,,109,109,100,0,37,37,40,10,78
ron_krugman,,,1288,1252,97.20496894,0,30,70,50,15,70
ronaldtrip,42,,10145,10050,99.06357812,0,30,31,21,17,17
rynomad,,,60,60,100,0,61,98,1,40,26
s_altz,,,32,32,100,1,15,15,50,15,85
safvs,,,25,25,100,1,0,71,66,75,10
sarahmitchell1998,,,76,75,98.68421053,0,50,15,85,50,15
savocado,21,,4213,3950,93.75741752,0,17,9,35,25,84
sdh59,,us,1121,1076,95.98572703,1,50,90,50,10,80
sekazi,,,7147,7112,99.51028404,0,67,12,32,2,61
sheepsneck,,,19,19,100,0,0,94,85,53,76
shihubsky,,,3,3,100,0,26,95,5,69,95
shitlord-alpha,34,,1299,1284,98.84526559,0,25,95,30,35,75
showholes,,canada,390,374,95.8974359,0,9,92,0,84,61
shuuzy,,,14,14,100,0,93,9,6,3,31
sir_deadlock,,,4899,4801,97.99959175,0,15,85,15,50,85
sircatherine,,,385,376,97.66233766,1,96,91,23,43,56
skullphilosophy,,,1055,966,91.56398104,0,31,95,21,1,86
slayerOfDangerNoodle,24,,936,909,97.11538462,0,85,85,85,50,95
sloanelyatthetop,,,21,18,85.71428571,1,90,57,27,42,26
smellen_,,,1,1,100,1,61,68,1,0,88
snufflehum,,,1,1,100,0,61,98,90,10,11
snx1337,,germany,317,278,87.69716088,0,80,37,1,66,34
solomar15,,,300,290,96.66666667,0,89,99,17,36,22
soturf,,,1332,1179,88.51351351,0,21,58,93,16,13
spamdown,,,476,412,86.55462185,0,13,41,17,28,90
sparklingwaterblub,,,23,23,100,0,13,6,2,0,98
sporkfood,33,canada,1630,1600,98.1595092,1,50,50,30,43,32
sprankinator,,australia,485,399,82.26804124,1,47,5,79,26,99
srarman,,,452,318,70.3539823,0,95,97,78,6,88
srassy,25,new zealand,86,85,98.8372093,0,15,85,15,85,85
st_jam2,,,1,1,100,1,35,13,35,72,84
staaamos,34,us,20800,19348,93.01923077,0,44,83,40,58,58
stairwell_chili,,,137,136,99.27007299,0,57,97,56,94,99
stelladeli,22,,538,514,95.53903346,0,79,97,10,45,62
stormLP,27,canada,4987,4454,89.31221175,0,72.5,85,65,95,87.5
streamenterer,,,161,160,99.37888199,0,85,85,50,50,5
sublime_warthog,28,,394,278,70.55837563,1,11,50,10,4,61
surupamaerl,,,49,49,100,0,0,91,8,25,26
swampcatz,,,3984,3594,90.21084337,1,54,77,52,54,60
sweaterbrau,,,921,889,96.52551574,1,10,84,94,18,66
tacosinmypocket,19,,216,205,94.90740741,0,15,13,20,20,80
taobm,25,,2,2,100,0,29,80,35,88,74
taturanamanana,20,,4,4,100,0,15,70,5,5,70
tbone28,45,,1507,1463,97.08029197,0,85,57,56,47,53
teamasterdong,,,174,168,96.55172414,1,17,71,31,34,24
thatlur,,,4454,4357,97.82218231,0,83,69,27,39,8
thatwhichshinesforth,24,,29,29,100,0,87,91,0,4,93
the_depth_of_self,,,689,630,91.43686502,0,15,68,66,37,36
thechattyshow,27,,5714,4408,77.14385719,0,77,67,38,41,83
theedgeofcool,,,1882,1816,96.49309245,1,54,95,32,8,77
thefiendman,,,89,76,85.39325843,0,57,1,83,10,44
thenicknash,,,146,136,93.15068493,0,43,71,78,80,2
theonecalledcaroline,,,76,75,98.68421053,1,71,80,2,91,91
thepathofreason,27,,1,1,100,0,35,85,35,66,6
thesaucegod,,,6,6,100,0,0,93,3,3,3
thestoebz,,,634,603,95.11041009,0,35,87,56,40,47
thingsthingsthings,33,,2488,2438,97.9903537,1,50,85,15,50,85
thisisme201413,,,767,740,96.4797914,0,4,57,57,11,91
thisisntatestaccount,,,63,62,98.41269841,0,98,94,96,47,70
tman37,39,,3934,3910,99.38993391,0,23,34,6,50,31
to_neverwhere,32,canada,1726,1720,99.65237543,1,39,47,42,17,45
tricupcake,42,,766,730,95.3002611,1,10,70,30,20,50
ubercynic,,,395,377,95.44303797,0,57,35,69,4,18
umlilo,,,1057,1032,97.63481552,0,1,99,93,53,3
un_passant,,,1015,1004,98.91625616,0,70,85,75,35,3
unkinhead,,,1394,1361,97.63271162,0,65,86,0,0,4
uselessinfobot,28,,882,874,99.09297052,1,32,98,6,77,59
vanslammer,,,52,46,88.46153846,1,49,83,14,44,47
vcxnuedc8j,25,,6693,6648,99.32765576,0,2,38,87,28,1
vilisbon,20,,368,354,96.19565217,1,44,88,8,2,94
virgule,,,5673,5310,93.60126917,0,15,64,1,53,59
visarga,,romania,15626,14515,92.89005504,0,57,90,21,15,43
vitrael2,26,us,5737,5401,94.14328046,0,26,98,75,93,29
vladmir-poopin,24,,1007,973,96.62363456,0,5,95,5,95,30
voidmechanic,25,,227,222,97.79735683,0,13,85,2,94,86
vyvyan86,32,,1648,1589,96.41990291,1,54,84,74,21,37
waffleinsomniac,,,79,79,100,0,10,60,50,10,50
warusak,,,12,12,100,0,77,98,21,97,50
wickedwick,,,281,271,96.44128114,1,22,90,89,18,76
wizardkoer,18,australia,1529,1424,93.13276651,0,1,80,1,10,43
wolfmanlt,,,808,744,92.07920792,1,45,95,17,78,81
wootyhoot,38,,171,163,95.32163743,0,32,20,69,9,26
wrightlyrong,25,,93,81,87.09677419,0,46,22,11,45,98
wtmh,32,,13868,13309,95.96913758,0,3,84,69,3,37
xLev_,,,602,536,89.03654485,0,11,16,38,42,43
xaira82,35,,750,726,96.8,1,61,61,13,80,96
xeroctr3,23,,1982,1738,87.68920283,0,3,75,27,3,77
xiansantos,,,2863,2509,87.63534754,0,50,85,85,50,50
xplosiveoctopus,29,,74,71,95.94594595,0,0,34,0,91,99
y_mr_y,32,,5,5,100,0,0,87,98,20,3
yeerks,24,,654,627,95.87155963,1,62,81,73,56,65
yellowsnow3000,,us,429,412,96.03729604,0,9,78,41,86,11
yelpet,18,,390,388,99.48717949,0,56,67,63,6,35
yuzualsuspect,,,321,321,100,1,71,71,3,20,99
zEaK47,25,,4138,3816,92.21846303,0,15,50,15,15,50
zeppelincheetah,33,us,1590,1532,96.35220126,0,50,85,15,15,85
zimzat,28,us,1624,1604,98.76847291,0,34,50,87,6,82
zookatron,,,384,377,98.17708333,0,45,35,96,0,63
zugzwang_03,,,17168,17084,99.51071761,1,10,41,86,83,18
zuluthrone,,,5097,4988,97.86148715,0,17,96,28,95,34
zwelg,,,2,2,100,0,39,89,91,80,3
zymmaster,53,,1920,1857,96.71875,0,28,47,62,21,49
zyzee,,,132,108,81.81818182,0,88,78,31,75,10
#NAME?,24,,794,767,96.59949622,1,93,30,40,12,67
137288,18,canada,5393,5163,95.73521231,0,10,87,49,7,87
1fastman1,19,,25009,22098,88.36019033,0,70,42,28,57,51
247sleepy,20,,2022,1990,98.41740851,1,58,69,5,24,11
5il3nc3r,,canada,6656,6521,97.97175481,0,77,9,54,3,32
64BitCoffee,,philippines,142,87,61.26760563,0,9,50,70,8,40
AKilesIN_46,,,19,15,78.94736842,0,3,74,4,6,92
Abcmsaj,25,,4981,4741,95.18169042,0,81,61,60,66,79
AbiRNormal,38,,121,112,92.56198347,1,41,74,35,80,3
Agentketter,,,2064,1983,96.0755814,0,41,80,44,67,58
Aiichai,22,,80,74,92.5,1,26,,23,71,70
AkumaRose,21,,353,352,99.71671388,0,9,84,18,74,86
Alejor307,17,,326,315,96.62576687,0,34,17,18,30,58
Aleksandra1128,20,,3469,3360,96.85788412,1,3,84,9,62,46
AliceKettle,,,573,561,97.90575916,1,34,14,8,16,32
Altiondsols,17,,20162,19638,97.40105148,0,92,87,9,9,94
AnPowerliftinMermaid,33,,2303,2227,96.69995658,1,24,74,61,6,25
AncientSwordRage,,,7242,6780,93.62054681,0,56,38,8,66,4
AndroidYumi,,,1355,1332,98.30258303,0,29,40,6,7,98
Animated_Imagination,20,us,2793,2721,97.42212675,0,89,74,79,73,48
Anon_Logic,,,5716,5618,98.28551435,0,41,50,96,67,13
Aocast,19,,3271,3134,95.81167839,0,8,19,92,4,48
Apollorashaad,,,28,28,100,0,10,95,98,71,0
Arbiter7000,,,33,31,93.93939394,0,0,13,20,27,2
ArceusBlitz,20,us,1889,1785,94.4944415,1,29,40,6,8,73
Ardenbas,,,176,168,95.45454545,0,86,92,8,18,82
AuraofLight1,22,,557,538,96.58886894,0,29,84,46,12,46
Autodidact420,19,,23756,22731,95.68530056,0,84,93,16,62,13
Avosia,28,,1021,991,97.06170421,1,86,69,39,70,67
BJabs,,,5215,4992,95.72387344,0,17,19,90,54,7
Baxter0402,23,,5131,5048,98.3823816,0,15,61,7,16,93
Bendariaku89,,philippines,27,24,88.88888889,0,9,69,23,59,80
BlackBourgeoisBat,14,,730,661,90.54794521,1,10,54,73,22,14
Black_Elements,,,5492,5463,99.47195921,0,6,19,35,10,80
BlatantTRPThrowaway,,,107,107,100,0,51,96,54,73,1
Bliss86,28,germany,5715,5487,96.01049869,0,70,34,18,58,9
Blitz179,,,6548,6245,95.37263286,0,93,34,9,15,75
BlueEyezzz,29,,565,532,94.15929204,0,24,80,21,18,22
BlyOdlare,,,68,45,66.17647059,0,15,84,39,22,54
Bobowo12,,poland,1260,1053,83.57142857,0,4,54,15,12,8
BonaFideNubbin,31,,1607,1605,99.87554449,0,89,92,35,2,92
Bonch_and_Clyde,29,us,4253,4202,98.80084646,0,55,84,43,0,58
Brewer_Matt,32,,3185,3124,98.08477237,0,77,,82,30,19
BrokenGlassSparkling,,,5712,5375,94.10014006,0,74,37,84,17,27
BubblesAndSass,32,,5127,4927,96.09908328,1,91,84,80,74,25
BubolKawaiiFace,,,222,164,73.87387387,1,19,8,20,4,30
BurnedOutInAJar,25,,3359,3262,97.11223578,1,70,96,15,37,80
CLEMENTZ_,23,,643,631,98.13374806,0,26,96,4,6,43
C_a_t_h_a_r_s_i_s,,,14,14,100,1,45,64,13,22,90
Calstifer,,,609,587,96.38752053,0,54,54,71,86,86
Captain_Clover,,,1131,1107,97.87798408,0,40,96,29,24,25
Captain_ZachSparrow,19,,257,194,75.48638132,1,81,88,40,93,1
CaymanFifth,25,us,852,841,98.70892019,1,58,8,18,4,94
CelestelRain,21,,781,771,98.71959027,1,45,84,7,5,80
CharlesofValois,,,97,89,91.75257732,0,34,26,80,22,19
CharmingArsenal,,,625,622,99.52,0,23,64,9,5,94
Chevsapher,21,,2821,2698,95.63984403,0,60,64,60,19,97
Cipher_Zaabiz,31,germany,2800,2660,95,0,4,61,25,30,54
Claided,,,82,76,92.68292683,0,65,92,9,82,44
CleanDevelopment,,,21,19,90.47619048,0,9,30,8,49,27
ClockworkAnd,25,,796,727,91.33165829,1,70,90,1,72,73
ClutchHunter,20,uk,19620,19275,98.24159021,0,62,9,22,7,35
ColinTheWicked,,,891,816,91.58249158,0,8,92,6,82,10
CoolGuySteve,,,516,513,99.41860465,0,10,92,1,54,1
CoriOreo,,,1723,1660,96.34358677,0,11,88,41,10,40
Corspin,,,375,367,97.86666667,0,3,87,94,9,7
CptHomer,,denmark,1148,1001,87.19512195,0,34,50,49,51,7
CrateredMoon,,,1946,1930,99.17780062,0,10,78,16,30,36
CrimsonSmear,40,,5382,5345,99.31252323,0,77,80,8,8,44
Crups,,,530,516,97.35849057,0,41,84,6,24,64
CrushHazard,35,,15447,15253,98.7440927,0,7,45,9,80,3
Crysicia,,,54,48,88.88888889,0,19,54,9,0,87
D3SX,,,1606,1440,89.6637609,0,17,44,18,18,13
DakotaRayne,17,,3002,2870,95.60293138,0,19,64,13,24,46
Danny1994m,22,,8317,6861,82.49368763,0,20,30,15,38,25
Darkee33,,us,705,692,98.15602837,0,6,84,9,18,93
DarthHedonist,,us,980,972,99.18367347,0,89,74,,6,92
DarthSunshine,14,,2962,2670,90.14179608,0,17,30,20,14,67
Deadpanpancakes,,,707,685,96.88826025,0,0,3,75,67,1
DeeMI5I0,20,,19307,16610,86.03097322,0,24,68,96,58,63
Denasmee,27,,374,331,88.5026738,1,89,74,54,70,63
Descending_,19,,893,879,98.43225084,1,29,61,44,35,16
DialMforMuffins,,,271,239,88.19188192,1,89,74,92,46,5
DinosaurusRex_,,,1582,1331,84.13400759,0,85,50,29,5,85
Disrupturous,28,us,29153,28243,96.87853737,0,1,92,1,18,97
DivinePetal,,,12,12,100,0,34,6,54,5,
Djzongreethesecond,16,us,9394,8882,94.54971258,0,8,45,6,59,92
DomCaboose,26,us,20929,20503,97.9645468,0,96,50,96,94,22
DontForceMe,28,,1887,1868,98.99311076,0,0,7,98,5,13
DrIGGI,22,austria,456,408,89.47368421,0,77,74,6,1,67
Drake_Erif,,,3590,3474,96.76880223,0,34,19,82,16,6
EbolaNF,14,uk,1460,1352,92.60273973,0,23,69,39,78,43
ElaineofAstolat,25,,716,684,95.53072626,1,12,10,20,1,49
ElenaSalander,24,,676,609,90.0887574,1,9,10,9,8,64
Elradrielia,,,192,89,46.35416667,1,91,,9,95,33
Erakir,,,590,581,98.47457627,0,98,88,35,9,10
ErraticPragmatic,23,,1821,1148,63.04228446,0,2,87,2,90,73
Eve_CoeurlNA,,,4322,3807,88.08422027,0,81,61,94,5,44
EvergreenCash,,us,366,350,95.6284153,1,40,33,92,82,40
EvilMEMEius,32,,713,654,91.72510519,1,9,24,93,90,2
Excited4ButtStuff,,,3973,3877,97.58368991,1,10,40,95,72,6
FadeCrimson,,,2925,2895,98.97435897,0,17,,25,59,48
Fameroni,,,159,147,92.45283019,0,11,40,65,33,9
FancyPancakes,,,3025,2836,93.75206612,1,64,17,18,7,40
FatPigeon,,us,457,452,98.9059081,0,20,44,71,15,28
Fatbot555,19,,814,658,80.83538084,0,75,19,18,54,28
Fearless_Prince,,,317,307,96.84542587,1,50,87,89,49,4
Fearless_Sign,,,13,13,100,1,15,96,49,1,93
Featherwhisker,,,1599,1556,97.31081926,1,17,9,21,7,88
Feresto,,,569,545,95.78207381,0,55,17,11,33,80
FirmGlutes,25,us,1696,1625,95.81367925,0,5,74,70,10,54
Fishbone_V,26,,5899,5725,97.05034752,0,24,65,7,9,23
FlutterRage1000,,,572,553,96.67832168,0,41,61,44,22,32
FonsoTheWhitesican,18,us,84389,66040,78.25664482,0,85,,90,0,32
Format137_BossMode,38,us,19668,18799,95.58165548,0,79,59,89,19,54
Framedin,21,,1275,1193,93.56862745,0,9,19,46,37,4
Frenchitwist,22,us,5020,4666,92.94820717,1,12,64,18,92,30
FriedrichAugust,,us,720,707,98.19444444,0,29,90,26,43,49
FuckTheSooners,21,us,18306,16137,88.15142576,0,3,92,4,97,1
FusRoDan,,,13002,12645,97.25426857,1,20,61,7,54,19
FuzzierSage,,,6825,6764,99.10622711,0,91,61,25,6,79
Gamtauru,,,20,19,95,0,40,69,23,14,43
Gaunts,28,,1519,1473,96.9716919,0,23,96,82,62,3
Ghost-Music,31,,457,414,90.59080963,1,50,74,6,9,89
GigglestickII,,,117,115,98.29059829,0,89,88,85,92,3
GlobalSilver123,16,latvia,10,9,90,0,1,0,32,1,87
Glugnarr,,,1102,1016,92.19600726,0,14,34,11,62,4
Guardian_Of_Pigs,19,,5363,5115,95.37572254,0,81,61,8,21,63
Gwynnether,33,uk,949,711,74.92096944,1,70,74,18,30,63
HOW_HARD_ROCK_HARD,19,,547,482,88.11700183,0,6,38,20,5,84
HalfAlienRobot,22,us,1357,1299,95.72586588,1,26,74,25,24,80
Halosonic,,,145,139,95.86206897,0,96,74,90,97,9
Hapte,18,,1100,1033,93.90909091,0,84,61,88,62,33
Herbert-Quain,,,567,516,91.00529101,0,50,50,9,22,27
HereEveryDay,,,255,248,97.25490196,0,93,88,82,76,11
Highly-Sammable,,uk,1803,1796,99.61175818,1,81,44,75,66,44
HippeHoppe,21,,14557,13618,93.54949509,0,34,74,86,18,90
HomarusSimpson,60,,780,751,96.28205128,0,5,96,87,22,25
Hsnjllfrqi,20,us,1669,1633,97.84301977,0,34,80,11,22,58
Hysteric_Blue,23,,651,646,99.23195084,1,1,37,98,49,2
INFJediHatesSand,,,63,61,96.82539683,0,41,84,6,33,58
IPv8,,,989,935,94.53993933,0,8,59,11,19,14
I_Am_A_Polite_A-hole,,,208,206,99.03846154,1,89,74,8,97,54
I_hate_kittens_,,,331,330,99.6978852,0,4,37,95,87,76
Ichanoggin,,,142,98,69.01408451,0,19,37,22,11,75
Illunacy,,,27,23,85.18518519,0,15,,8,10,84
Imhullu,,"korea, republic of",2295,2274,99.08496732,0,29,57,49,54,67
IndependentMud,,,18,18,100,1,89,87,35,90,16
InformalCriticism,30,,14867,14628,98.39241273,0,13,17,55,24,33
InternetDude19,17,,83,82,98.79518072,0,10,90,76,22,16
Isrslylikecutegirls,17,,386,356,92.22797927,0,11,17,88,6,7
ItsyBitsyVarys,,,78,75,96.15384615,1,51,9,65,6,25
JMB-X,,germany,4370,3594,82.24256293,0,91,88,71,50,44
Jaamikohvik,,,2689,1796,66.79062849,0,53,69,88,80,4
JaceOlsana,,,529,525,99.24385633,0,77,,4,38,36
Jaegan,,,11,11,100,0,29,9,54,7,19
Jalapeno_Tom,,,211,189,89.57345972,0,7,,49,75,0
Jaztheping,,,19,15,78.94736842,1,50,33,20,19,67
Jeis75,,colombia,1274,1086,85.2433281,0,24,61,2,12,44
Jennica,27,,11219,10542,93.96559408,0,26,64,39,62,89
Jes60917,,,136,127,93.38235294,1,34,13,43,37,67
Jlmjiggy,23,,1251,1209,96.64268585,1,29,87,94,46,11
JohnKog,,us,2198,2162,98.36214741,0,3,84,90,61,5
Johnny20022002,19,,2596,2401,92.48844376,0,2,40,92,22,7
JonJonnyJonathan,17,,1928,1464,75.93360996,0,70,92,44,98,7
Jopalopa,,canada,1340,1220,91.04477612,0,8,45,13,14,49
JunkyGS,,,4277,3943,92.19078794,0,79,74,70,77,27
JusticeTheEnd,,,165,143,86.66666667,0,70,87,35,12,73
KR4FE,,,673,654,97.17682021,0,9,90,76,37,2
KUZGUN27,,venezuela,4660,4013,86.11587983,0,19,80,9,9,90
Kazejin0,,,762,758,99.47506562,0,70,33,46,6,33
Kdot-BlackHippy,,,15265,12944,84.79528333,0,96,50,71,62,10
Kenshamwow,25,,901,877,97.33629301,0,29,45,6,59,80
Khazandr,,,113,92,81.4159292,0,60,10,49,12,89
Kicker_986765,,,36,33,91.66666667,0,10,10,43,33,33
Kodiologist,26,,22728,21919,96.4405139,0,13,71,92,44,65
KopiTheKitten,,northern cyprus,2490,2365,94.97991968,0,23,96,46,22,12
KristianJ17,,,241,233,96.68049793,0,17,84,22,28,90
LaV-Man,42,us,11981,11685,97.52942158,0,19,84,7,12,27
Lastrevio,,,35468,27560,77.70384572,0,3,74,4,46,92
LawOfPower,,,5,5,100,0,2,38,9,97,0
LearningMan,,us,2668,2411,90.36731634,0,6,8,99,90,0
LettersFromTheSky,28,us,45137,44334,98.22097171,0,89,59,95,7,43
Lindethiel,28,,1188,1165,98.06397306,0,0,95,3,35,80
Lorpo314,17,mongolia,666,637,95.64564565,0,2,16,3,23,97
Love_Em,,germany,4071,3763,92.43429133,0,4,57,86,82,25
Lovis27,,,9,9,100,1,79,30,49,95,25
LukePhaneuf,,,105,96,91.42857143,0,79,,6,6,90
Lwhoop,,,1717,1670,97.26266744,0,32,31,57,41,16
Lyley,,,358,350,97.76536313,1,96,88,54,7,7
M364N,,,22,22,100,1,86,50,65,30,90
M4ngogh,,,105,99,94.28571429,1,2,90,8,49,25
MC_Keever,,,59,50,84.74576271,0,29,24,1,,4
Maedhros,,,649,643,99.07550077,0,86,69,65,67,16
Magniras,23,,2339,2181,93.24497649,0,28,68,15,50,36
ManusKing,,,35,33,94.28571429,0,24,38,9,50,88
MedDog,,,1707,1676,98.18394845,0,34,57,44,74,13
MichaelKeaton,,,353,342,96.88385269,0,6,50,96,9,9
MissLoxxx,,,336,322,95.83333333,1,34,11,26,33,40
MonsieurA,24,france,3367,3205,95.18859519,0,55,50,23,26,87
MontyPiethon,,,186,179,96.23655914,0,17,,13,80,96
MooMooCakes,20,,141,134,95.03546099,1,82,87,54,14,87
Moprollems,,,6001,5948,99.11681386,0,58,9,44,74,25
MrDuderino,,netherlands,330,297,90,0,19,84,7,90,7
MrSexuality,,,2,2,100,1,93,19,94,5,75
MuhStacks,,,57,57,100,0,17,3,4,6,92
Muumi-LvsB,,,254,244,96.06299213,0,58,19,16,35,4
Mygoodies69,,,16,16,100,0,79,50,11,92,16
Narcius,20,nepal,3482,3236,92.93509477,0,9,61,8,24,16
Ndp75,,,17,16,94.11764706,0,17,84,9,70,46
Nerfworthy,27,,2319,2239,96.55023717,1,58,26,92,12,36
Newt113,,,1079,1042,96.57089898,1,58,9,54,4,36
NightlyY2Kdelight,,,264,256,96.96969697,0,5,45,11,5,
Ninauposkitzipxpe,26,uk,7008,6740,96.17579909,1,1,92,1,46,97
NinjaMine,,,2,2,100,0,50,54,72,19,84
NotAFishYouCanCatch,29,us,1749,1734,99.14236707,1,65,69,35,10,73
NotSoSlenderMan,24,us,15641,14811,94.69343392,0,5,87,30,20,46
Nova11,,,2687,2483,92.40788984,0,27,61,15,95,5
OneBluePixel,38,,201,201,100,1,60,59,9,4,94
OoglieBooglie93,26,,2427,2363,97.36299959,0,17,10,44,6,58
OrphanCripplerz,,us,1582,1521,96.14412137,0,15,50,1,92,13
OwynSama,,,2,2,100,0,34,45,13,59,86
PapaTua,41,us,15380,14693,95.53315995,0,91,96,81,43,1
PaperLink1,,,44,37,84.09090909,0,50,84,23,19,16
Paraloser,,,2061,1674,81.22270742,0,17,74,35,6,40
PardonCharlotte,30,,354,338,95.48022599,1,77,26,41,43,13
PartyGuyNo,,,31,31,100,0,34,87,9,24,87
PeachPlumParity,24,,3716,3597,96.79763186,0,89,87,23,30,40
Pentacat,21,singapore,2281,2019,88.51380973,0,74,93,26,84,63
PepperJohn,,,3912,3774,96.47239264,0,17,10,35,92,5
PetarKing,17,,2008,1931,96.16533865,0,17,35,88,70,9
PixelDust151,14,,527,497,94.30740038,0,17,30,7,8,92
PokemonMaster999,24,,7597,6793,89.41687508,1,19,17,73,38,68
Poppysprose,30,,970,921,94.94845361,1,26,,13,30,90
Poropopper,25,,11797,11610,98.41485123,0,34,21,82,74,20
PotatoPeeler68,,,182,173,95.05494505,1,89,74,35,46,5
ProfessorClayton,,,1273,1231,96.70070699,0,29,9,9,22,9
Psiden,24,,348,333,95.68965517,0,4,44,44,85,4
PumkinMilk,,,20,19,95,0,96,80,8,28,22
Q1189998819991197253,19,,31167,28124,90.23646806,1,9,59,5,53,87
Quazimodem47,,,16,13,81.25,0,0,57,92,30,83
Quillscale,,,124,116,93.5483871,0,3,10,35,2,92
RANGER315,,,51,50,98.03921569,0,23,61,4,3,92
REDDITNOFAPP3R,23,,60,58,96.66666667,0,45,17,60,43,8
RH1N0GE,,,167,162,97.00598802,1,58,96,90,88,2
RainSymph0ny,,,5,4,80,0,93,87,80,12,54
RandomNSB,,,221,206,93.21266968,0,9,38,92,1,28
Raycrittenden,37,,558,541,96.95340502,0,45,64,76,19,58
Razorwindx17,,,696,510,73.27586207,0,24,50,15,27,16
Ready_to_happen,,,653,637,97.54977029,0,45,69,86,90,5
Real-EstateNovelist,18,,445,407,91.46067416,0,19,59,90,22,16
RedPillSafe,53,,1409,1407,99.85805536,0,6,55,25,90,13
ReeZoX,17,,102,91,89.21568627,0,4,24,70,43,14
RetardYourAnger,,,31,30,96.77419355,0,50,64,43,53,40
Reverend_Gr0gg,,us,520,510,98.07692308,0,29,80,11,7,48
Ricardus84,,,1,1,100,0,34,92,25,35,72
RoboHasi,,,839,801,95.47079857,0,50,84,30,53,43
RobotNormie,20,,1032,1016,98.4496124,1,14,17,9,6,93
RoninSinceBirth,45,,2364,2268,95.93908629,0,8,38,72,8,90
RunAMuckGirl,60,,14653,14047,95.86432812,1,81,80,30,24,75
Runamoke,,,149,146,97.98657718,0,9,50,13,74,2
Ryanw8282,,,1,1,100,0,21,96,72,62,72
SJBappers,,,4,3,75,0,65,92,61,35,25
SaloL,,,8602,8061,93.71076494,0,17,50,8,0,9
Sazzzzzzzzzzz,23,,1355,1316,97.12177122,0,6,8,60,27,9
Scarcer,,australia,7118,6914,97.13402641,0,26,59,43,77,21
Scarz93,,,445,433,97.30337079,0,79,69,26,66,80
Schwarzwald_Creme,,sweden,261,239,91.57088123,0,41,30,80,38,16
Scudmuffin1,,,806,790,98.01488834,0,21,61,30,7,75
SeanArtist,,,1593,1401,87.9472693,1,91,84,21,30,63
SexWomble,37,,3887,3851,99.07383586,0,8,93,13,97,5
ShittingPanda,,,1416,1369,96.68079096,1,89,55,44,2,97
Shiverlynn,32,,3554,3507,98.67754643,0,65,50,35,2,82
Silmariel,42,denmark,3001,2954,98.43385538,1,9,35,98,62,19
Silverlight42,39,,55460,54290,97.89037144,0,9,61,13,4,72
SirJiggart,,,9586,9130,95.2430628,0,45,68,40,38,88
SisterCee,30,,97,93,95.87628866,1,94,30,90,19,49
Sketcher10,,,2010,1708,84.97512438,0,51,68,18,62,7
Skreex,,,781,748,95.77464789,0,21,20,80,49,18
SociopathicPeanut,16,,5461,4498,82.36586706,0,3,50,49,46,27
Soggy_Biscuit_,25,,7939,7773,97.90905656,1,77,61,22,59,19
Spiderjoy,,,97,95,97.93814433,0,20,80,75,34,13
Splide,,,146,142,97.26027397,1,86,90,20,90,26
Starburstnova,29,us,11974,11832,98.81409721,1,70,45,20,24,40
Static541,,,56,54,96.42857143,0,58,17,4,4,86
Stellarvore1384,33,new zealand,1221,1212,99.26289926,0,60,40,35,0,40
StellatedColt,,,283,267,94.34628975,0,15,30,18,12,19
StressSoft,,,8,8,100,0,2,59,60,77,14
Strongbhoy,,us,781,769,98.46350832,0,96,,54,97,7
SublimeIbanez,,us,1335,1268,94.98127341,0,70,57,35,38,40
Subs-man,17,uk,6629,6284,94.79559511,0,86,45,25,59,67
Sunanas,,canada,1337,1300,97.23261032,0,17,50,88,76,5
SunnyLumos,,,119,113,94.95798319,0,95,90,76,33,22
Suzarain,,,2002,1963,98.05194805,0,65,59,46,6,76
Svartsinn,,,46,44,95.65217391,0,17,14,22,7,64
Swarels,,,400,386,96.5,0,34,96,22,24,5
Szartsky,,,1,1,100,0,86,80,11,54,1
TXturkey,26,,96,91,94.79166667,1,89,74,4,92,92
TacticalBeaner556,,,2523,2357,93.42053111,0,2,45,93,75,7
Talressen,,,344,334,97.09302326,0,21,61,8,38,4
Tehsarcassiccanadian,,,171,152,88.88888889,0,24,45,25,24,67
Terranoso,,us,1438,1393,96.87065369,0,93,47,65,5,46
Tetrapolar,,,700,697,99.57142857,0,58,88,8,38,72
ThatOneCanadian,,,9903,7999,80.77350298,0,20,84,44,6,98
ThatUrukHaiMotif,,,806,779,96.65012407,0,70,11,9,72,43
TheBakedPotato,19,,8770,8590,97.94754846,0,81,61,25,73,32
TheDutchIdiot,32,,468,438,93.58974359,0,19,6,23,37,36
TheFuzz77,24,,1072,1049,97.85447761,0,15,74,8,12,27
TheHiddenTruth,,,119,77,64.70588235,0,6,55,25,90,13
TheRealJongoBongo,55,,2906,2889,99.41500344,1,86,45,94,10,25
TheSean85,,,1273,1250,98.1932443,0,8,74,8,3,88
TheSmokeyLemon,,,10,10,100,0,34,57,11,46,44
TheTweets,19,,12629,12525,99.17649854,0,15,14,35,18,44
TheYolk,,,217,205,94.47004608,0,65,40,80,17,63
The_Successful_Loser,,,1184,1053,88.93581081,0,51,74,92,9,40
Thelochnesscumslut,29,,1148,1117,97.29965157,1,97,69,35,49,9
This_Ex_Is_On_Fire,24,,141,138,97.87234043,0,91,8,13,84,58
Timekeeper81,33,,2288,2217,96.89685315,0,65,84,16,38,67
Tingleyourberry,,,1181,1081,91.53259949,0,27,61,13,37,19
Toezap,26,,3462,3395,98.06470248,1,9,19,88,62,25
Tollaneer,,,7518,7099,94.42670923,0,17,96,42,40,23
Trance2Dubstep,,,294,293,99.65986395,0,8,30,41,30,54
TrapWolf,,,1490,1417,95.10067114,0,7,84,88,59,44
TrashSingingFlasher,,,252,219,86.9047619,1,89,88,86,74,6
Trigger__,,,67,58,86.56716418,0,41,38,61,8,88
TrulyOdd1,,,274,239,87.22627737,0,40,14,25,90,6
UltimaTaylor,28,,696,682,97.98850575,0,15,69,92,80,58
UltraGopnik3000,18,,709,654,92.2425952,0,15,80,65,18,72
UnsaturatedSolution,,,8470,8076,95.34828808,0,1,74,4,6,92
Urukii,,,131,125,95.41984733,0,77,88,13,22,7
VAOTOMARNOCU,22,,1168,1151,98.54452055,0,4,80,83,8,3
ValetGirls,,,1165,1088,93.39055794,0,19,74,49,89,43
VampirePlays,17,,5473,4764,87.04549607,0,4,64,87,49,9
Verdantshade,,,153,149,97.38562092,0,29,80,8,12,80
VioletThunderX,22,,5212,4665,89.50498849,1,65,64,82,30,40
VisualFog,23,,45,44,97.77777778,0,23,45,49,6,58
Vreiya,,,24,23,95.83333333,0,60,64,9,66,67
Vulcan-Seth,,,119,116,97.4789916,0,29,96,18,12,16
WateredDownMogwai,,,606,569,93.89438944,0,2,61,65,24,40
WeAreZero,15,,2169,2060,94.97464269,0,3,10,15,3,94
We_are_out_of_nopes,,,487,369,75.77002053,0,6,17,85,27,82
WhatINeverSaid,,,2899,2864,98.79268713,0,34,10,54,33,46
Whiskeyjack1989,,canada,3579,3511,98.10002794,0,24,61,25,16,82
WilsonJason,,,1456,1378,94.64285714,0,26,19,26,33,19
WoodpeckerNo1,18,,14561,12330,84.67825012,0,12,7,18,10,84
WyrdaBrisingr,14,,1385,1288,92.99638989,0,17,88,22,28,4
Xarragh,,,8,8,100,0,8,61,4,80,29
Yo-effing-lo,22,,1328,1216,91.56626506,0,28,44,75,50,9
Yoep06,,,8,7,87.5,0,40,64,92,10,9
Yokuo,29,,77866,69667,89.47037218,1,38,57,16,70,17
Yolanda_B_Kool,,,1177,1146,97.36618522,1,15,13,95,72,36
Yoshinoko,,,865,850,98.26589595,0,50,80,65,54,40
Yuyuy75,,,23,22,95.65217391,0,8,9,9,5,94
ZachArch18,19,canada,2174,1981,91.12235511,0,50,50,23,6,63
Zeno90,,spain,2691,2461,91.45299145,0,14,96,9,42,19
_Nerdfighter_,18,,938,884,94.24307036,0,50,23,18,20,15
_Theil,,,364,354,97.25274725,0,65,80,3,5,73
_lookausername_,,,167,162,97.00598802,0,50,80,26,75,76
aLauraPalmerType,33,,330,330,100,1,34,84,11,40,80
aadams0607,,,52,51,98.07692308,0,21,50,11,18,29
aberthin,34,canada,15012,14789,98.51452172,0,81,17,18,38,9
absurd_olfaction,,,3592,3509,97.68930958,0,41,84,35,51,58
afronoodles,,,109,107,98.16513761,0,8,61,15,85,16
allisonpinklp,40,,130,125,96.15384615,1,15,80,80,22,32
allotherthings,,,217,203,93.5483871,0,84,82,70,92,62
amberamberamber,,,2234,2118,94.80752014,1,5,8,19,97,15
ametan,,,96,95,98.95833333,1,55,17,18,92,2
amroki96,21,,2243,2039,90.9050379,1,89,68,40,38,25
amumumyspiritanimal,15,,11121,10475,94.19116986,0,55,96,20,90,89
amymonae,28,,410,405,98.7804878,1,89,74,,92,5
anantyc,17,,542,474,87.45387454,0,53,17,16,10,64
angelsambition,,,359,342,95.26462396,0,51,92,40,82,52
annafirtree,37,,2765,2719,98.3363472,0,19,37,11,19,82
anomalisk,23,us,609,587,96.38752053,1,7,69,82,62,43
anon2lol,,,6334,6023,95.08999053,0,9,55,71,42,4
archetypaldream,,,313,308,98.40255591,1,34,57,94,62,25
ardent_wolf,,,1284,1251,97.42990654,0,2,92,1,38,86
avidmtnrunner,20,,360,350,97.22222222,0,5,38,54,62,3
awryj,16,poland,4740,4282,90.33755274,0,40,90,20,33,80
azavii,19,canada,3340,3305,98.95209581,1,28,9,40,0,75
bIackhoIe,,,88,75,85.22727273,0,10,87,4,56,82
bakabrent,,,935,886,94.75935829,0,17,10,35,6,5
balsamum,,,25,25,100,0,70,64,59,12,94
barmaleo,,,361,243,67.31301939,0,6,30,13,9,75
beastgp,52,,1492,1420,95.17426273,0,65,87,39,72,90
benjamoo,,us,1110,1085,97.74774775,0,93,61,9,35,80
bes753,,,184,181,98.36956522,1,9,74,54,90,43
betabux,,,82,79,96.34146341,0,9,38,46,65,86
beyond-antares,33,,324,315,97.22222222,0,93,69,96,,25
bigboxtown,22,,1926,1908,99.06542056,0,11,26,30,3,64
biocuriousgeorgie,,,2563,2539,99.06359735,1,70,30,48,30,10
blakkasaurus,,,230,216,93.91304348,0,70,74,13,43,7
blancomeow,31,us,5068,4860,95.89581689,0,1,92,13,21,3
blub9753,,austria,25,23,92,1,77,45,3,18,54
bookbee3,,,7325,6609,90.22525597,0,89,50,4,82,32
butwhysir,,canada,3315,2976,89.77375566,0,45,61,8,73,92
camelliapard,,,7,7,100,1,89,74,92,6,5
castorie,22,,254,224,88.18897638,1,86,,30,53,67
caysha,,,2209,2182,98.77772748,1,20,50,75,46,85
ceader,,,423,418,98.8179669,0,15,96,83,59,86
central_deficiency,27,,1713,1709,99.76649154,0,45,8,18,6,1
chaos2501,,,549,502,91.43897996,0,15,10,97,16,3
chaosking121,21,,5582,5445,97.54568255,0,38,,35,26,98
chewingmygum,,,170,138,81.17647059,1,3,74,35,92,5
chinesefud,,,7,7,100,0,6,57,83,49,22
chocolaterainbows,19,,131,124,94.65648855,1,34,54,9,90,93
choquito,,,15,13,86.66666667,0,15,87,35,4,73
chosenwan,,,1880,1600,85.10638298,0,93,74,21,98,75
christianlikeswhite,,,472,360,76.27118644,1,89,96,18,62,80
chubirubi,,,326,319,97.85276074,0,15,88,11,70,54
cielestial,28,,686,635,92.56559767,1,14,61,25,7,79
citadelspace,,,1866,1823,97.69560557,0,94,66,18,92,30
clevercurator,,,34,33,97.05882353,0,81,61,60,30,25
connaught45,28,,2763,2620,94.82446616,1,1,74,75,18,92
coolmuffin121,,,1993,1548,77.67185148,0,64,30,40,12,58
crustycroutons,,,122,115,94.26229508,1,91,88,9,35,68
cryphus,,,318,298,93.71069182,1,40,69,6,77,80
cultcrime,,,39,35,89.74358974,1,6,80,79,90,3
cupcakeraynebowjones,,,844,838,99.28909953,1,28,74,48,9,67
curryhalls,15,,1868,1726,92.39828694,0,1,54,5,0,95
cyanisis,28,,16764,15648,93.34287759,0,9,59,5,72,7
d4m1t,22,australia,1653,1584,95.82577132,1,34,84,5,82,27
daelyte,35,,7933,7838,98.80247069,0,12,84,7,53,54
darkbrownvoice,,,342,319,93.2748538,1,70,17,29,18,58
darktryad,,,1535,1509,98.30618893,0,5,8,5,0,75
defacto77,,,215,211,98.13953488,0,9,74,76,37,80
desbest,,,2539,2409,94.87987397,0,8,50,75,97,32
detsal,18,,3910,3827,97.87723785,0,70,74,35,28,67
deyesed,22,,5647,5330,94.38639986,0,3,74,1,92,92
diamondsprinkles,,,66,65,98.48484848,1,40,,46,46,54
digitallama,26,,871,867,99.54075775,1,74,90,60,22,84
disordercontrolagain,,,45,45,100,1,29,35,92,12,
doabarrelrolllll,,,492,474,96.34146341,0,3,17,0,0,46
docsigmarocks,,,624,493,79.00641026,0,21,88,61,22,80
dokturdro,,,612,366,59.80392157,0,2,50,92,86,7
drawtheApocalypse,,,92,90,97.82608696,0,45,26,11,5,75
dylpro97,,,4410,4208,95.41950113,1,0,61,8,98,1
eekkgg,24,,1033,996,96.41819942,0,40,30,15,0,44
eidree,,italy,55,52,94.54545455,1,0,38,39,3,58
eiznekk,23,,1818,1601,88.06380638,1,70,64,5,5,95
emopuppy,,,261,247,94.63601533,0,8,35,6,2,80
enitefis,21,,1112,1002,90.10791367,0,5,87,11,82,19
epidemicflooddownwar,,,624,606,97.11538462,0,41,26,80,43,13
equalityNOTfascism,30,,580,551,95,1,65,,61,38,54
ermats,,philippines,6137,4462,72.70653414,0,65,59,7,19,96
esqualatch12,,,1912,1826,95.50209205,0,58,3,35,6,92
excitednarwhal,,us,1072,954,88.99253731,0,70,30,71,76,16
eye_licker24,,,140,118,84.28571429,0,1,30,30,86,54
faissaloo,17,uk,11384,10259,90.11770907,0,6,74,75,59,29
falefail,24,uk,408,401,98.28431373,1,60,54,82,43,62
farmdatkiwi,22,,5087,4828,94.90859052,0,17,74,9,18,92
feedmewords,17,,213,203,95.30516432,1,81,30,85,18,82
femmecheng,23,,3613,3581,99.11430944,1,95,52,97,1,2
fer-nie,30,,186,177,95.16129032,1,9,64,39,30,40
festiemeow,26,,133,124,93.23308271,1,12,54,39,70,73
fifthchevron,,,42822,41906,97.86091262,1,91,90,20,43,73
fish_fishy,,,9,9,100,1,21,17,16,24,88
flying_mantiss,,,9,8,88.88888889,1,7,40,23,2,30
followingfreeways,18,,2049,1917,93.55783309,1,70,69,84,93,54
frazzledazzle55,,,143,131,91.60839161,0,9,50,15,46,89
freejosephk,41,,12559,12337,98.23234334,0,53,96,61,74,64
funfetti_donut,,us,23,23,100,1,50,19,30,24,82
gamergeek17,,,515,515,100,1,93,88,40,7,36
garboooo,20,us,11177,10670,95.46389908,0,4,34,18,9,96
getting_better_man,,,237,234,98.73417722,0,11,38,8,16,98
ghatsim,19,,8088,7693,95.11622156,0,3,74,35,6,40
ghost_passenger,23,,378,373,98.67724868,0,34,35,49,7,82
ghostdaze,20,,1577,1506,95.4977806,1,74,59,60,1,95
gillybean103,,,28,27,96.42857143,1,1,74,92,6,5
givemecoffeee,23,us,2495,2414,96.75350701,1,17,71,1,98,0
goodthankyou,,,1678,1604,95.58998808,1,89,12,9,23,97
googlyeyespy,,,2745,2725,99.27140255,0,2,85,2,86,30
gosuGANK,26,,1618,1556,96.16810878,0,8,80,43,96,5
gracie1030,19,,176,170,96.59090909,1,89,92,4,2,92
guppy221,,,3081,2849,92.46997728,0,19,37,46,82,5
hapaonthemainland,,,109,107,98.16513761,1,38,11,89,90,12
harlyss,25,,149,145,97.31543624,0,40,50,26,40,36
harrytrumanprimate,23,,7262,6982,96.14431286,0,9,19,16,5,44
hetaeran,25,,359,358,99.72144847,1,24,14,94,3,44
holdoncaulfield,,,442,416,94.11764706,1,50,80,39,19,9
humbertov2,,colombia,1814,1597,88.03748622,0,89,24,48,9,67
hunter232,21,,103,96,93.2038835,0,24,35,35,22,64
huntyphobic,,,436,372,85.32110092,1,15,37,15,19,58
hypertonality,23,,945,942,99.68253968,0,19,96,23,40,90
iGotYouThis,31,,15,14,93.33333333,0,55,80,82,40,49
i_like_my_life,19,,2158,2113,97.91473587,0,75,12,6,5,7
idkwhatnameshouldb,17,,104,101,97.11538462,1,94,19,8,80,46
ignitethephoenix,21,,2802,2658,94.8608137,0,23,17,70,9,89
iinnssoommnniiaacc,19,,8013,7022,87.63259703,0,8,45,9,17,89
illegalmonkey,40,,1795,1752,97.60445682,0,34,69,88,22,19
immj,,,817,785,96.08323133,1,70,9,85,27,63
infjology,,,1,1,100,0,26,64,65,40,67
inkwisitive,24,,2001,1945,97.2013993,0,82,80,60,37,49
islimp,,,1483,1280,86.31153068,0,50,59,65,27,97
islyfe,,,604,546,90.39735099,0,7,93,0,94,2
itsameitsamario,19,,1621,1486,91.67180753,1,45,87,23,7,76
ixian_technology,39,,230,229,99.56521739,1,24,69,92,18,86
j3Ryuma,20,,242,235,97.10743802,0,6,54,82,49,12
jackrabbitslims,,,1874,1814,96.79829242,0,75,24,21,18,19
jasper2428,,,5648,4866,86.15439093,0,45,68,25,42,
jdlee3,,,899,830,92.32480534,0,70,84,25,38,88
jelvinjs7,19,,10195,9721,95.35066209,0,28,74,25,50,71
jhxcb,25,,3129,3024,96.6442953,1,65,90,9,19,93
jlwz,,,30,29,96.66666667,0,0,30,0,8,98
jmair,,,3878,3826,98.65910263,1,91,30,97,6,15
jojewels92,24,,48550,44789,92.25334706,1,21,37,35,76,19
joshually,,,20250,18822,92.94814815,0,8,40,39,97,73
joylukclub,21,,200,191,95.5,1,23,40,80,10,95
justanotherusername4,36,,1217,1171,96.22021364,1,74,90,43,14,87
justian,24,,721,693,96.11650485,1,91,17,54,21,36
justiceisrad,22,,3386,3189,94.18192558,0,29,54,30,22,90
kalp456,,,1636,1516,92.66503667,0,2,4,32,0,38
katonwax,,,1,1,100,0,82,69,73,30,70
khurtd,,,21,20,95.23809524,0,3,88,60,54,10
kingpumpkin,,,5733,5133,89.53427525,0,70,19,85,94,67
kirby31200,17,,6037,5584,92.49627298,0,29,50,8,37,94
kirin_ichiban,40,,2840,2749,96.79577465,0,65,88,97,10,58
kk87,27,,702,663,94.44444444,0,40,61,9,5,2
klowny,27,,1795,1775,98.88579387,0,6,50,89,82,6
knottedfate,,,681,673,98.82525698,1,5,74,11,43,97
konosyn,,,1894,1708,90.17951426,0,55,74,43,22,63
korinth86,,,3523,3458,98.15498155,0,91,,,22,46
lady_sable,16,,277,246,88.80866426,1,29,87,23,1,95
ladylattemotif,25,,4765,4689,98.40503673,0,0,95,7,1,98
laidymondegreen,30,,23910,23060,96.44500209,1,91,61,21,42,32
langzaiguy,,,1112,1082,97.30215827,0,91,44,35,79,8
lavenderped,,,6,5,83.33333333,0,65,74,46,9,89
leeceia,21,,5909,5843,98.88305974,1,79,30,5,33,29
lemonpielove,,,132,124,93.93939394,1,70,17,84,7,80
liberationnation24,,,119,114,95.79831933,0,17,84,54,18,40
licketyspilt,,,5,5,100,1,7,88,60,,9
lilly_65218,,,33,29,87.87878788,1,19,74,20,37,46
lilyisbored,,,5,5,100,1,82,87,89,56,82
linksma,,,16,16,100,0,45,45,13,67,44
lnvisibleOne,,,212,208,98.11320755,0,58,69,25,59,3
lokobang,,,192,190,98.95833333,0,41,17,18,2,72
lonesoldier09,19,uk,16506,12518,75.83908882,0,81,9,35,58,7
loosepocketclip,,,18,17,94.44444444,0,58,45,54,82,8
loper42,,,547,539,98.53747715,0,65,84,84,37,25
lostFate95,,,547,504,92.13893967,0,11,,41,10,4
loversalibi,25,,10232,9865,96.41321345,1,91,90,91,27,63
lpoker12,29,,34,32,94.11764706,0,2,18,75,8,3
lvbzz,,,125,123,98.4,1,45,74,13,1,5
madazzie,,,2,2,100,0,45,19,76,10,87
mahoushoujonami,,,31,31,100,0,34,35,44,24,90
malachai926,33,,6385,6130,96.00626468,0,98,84,72,11,65
marcelaimmi,,,13,13,100,1,86,74,49,28,22
margobisbee,31,,7989,7879,98.62310677,0,34,45,22,0,1
markherrington5,21,,13664,13322,97.4970726,0,5,61,8,9,40
mclintock111,,,1925,1832,95.16883117,0,17,50,16,10,25
mdhh99,,,1178,1110,94.22750424,1,8,9,14,14,29
melonmelly,,,58,53,91.37931034,0,60,37,46,9,7
meyayo,16,,421,372,88.36104513,1,91,17,30,7,43
mfcav123,,,1312,1266,96.49390244,1,24,14,8,82,71
mgn111,,,221,208,94.11764706,0,29,,6,54,11
mialtacct,27,,429,417,97.2027972,1,86,59,89,10,73
microboredom,23,,1487,1401,94.21654338,1,34,40,9,46,96
mmzznnxx,,us,19228,18479,96.10463907,0,48,10,20,30,8
mojo29,24,,504,487,96.62698413,1,93,93,43,40,67
mopeybasterd,,,628,596,94.9044586,1,70,92,35,59,54
morningchuu,25,,319,314,98.43260188,1,67,15,93,32,29
moustache02,,,150,142,94.66666667,0,29,38,86,43,19
muaddib1406,,germany,2651,2582,97.3972086,0,41,26,35,5,72
mukku88,,,4068,4004,98.42674533,0,89,10,35,46,5
multaritari,,,547,531,97.0749543,0,6,74,4,6,13
muskawo,34,,2099,2028,96.61743687,0,60,93,4,94,89
musr,25,,1089,1065,97.79614325,0,99,33,3,4,96
myexsparamour,53,,52409,52066,99.34553226,1,17,92,35,97,40
mymy_316,,,1,1,100,0,86,69,65,24,29
mynameissarah,22,,245,231,94.28571429,1,89,84,97,58,58
mynameistoo_common,19,,1769,1712,96.77784059,0,40,37,7,10,90
naiveLabAssistant,,,976,911,93.34016393,0,34,57,54,35,29
nate_rausch,33,,1486,1472,99.05787349,0,24,69,86,96,1
nbfdmd,30,,3072,3017,98.20963542,0,3,52,0,6,98
neketa1,,,1148,1121,97.64808362,1,75,38,25,12,92
nemfrog,,,34,32,94.11764706,1,19,,35,17,33
neoncrisis,,,36,28,77.77777778,0,8,52,1,76,4
neutralgoodbyes,,,40,37,92.5,1,8,23,4,37,46
nextstopisheaven,30,us,678,665,98.08259587,1,21,8,65,3,32
nicol800,,,1096,1068,97.44525547,0,7,64,46,24,84
nman10000,,,4371,4251,97.25463281,0,94,55,13,15,75
nobodyyoullremember,21,,5915,5612,94.87743026,0,6,9,13,3,94
noctiluca8,,,102,102,100,1,8,61,92,94,36
noideawhatever,,,249,203,81.52610442,0,34,84,7,3,89
nonneb,30,us,6020,5785,96.09634551,0,6,64,9,9,3
not_thrilled,41,,5452,5404,99.11958914,0,53,38,80,28,44
nothingtoworryabout,31,,3663,3455,94.32159432,0,6,50,8,27,92
notsofasthun,22,,4262,4068,95.44814641,1,86,84,9,80,93
notsostrong,,,590,485,82.20338983,0,12,40,8,19,73
nrjk,31,,12834,12437,96.9066542,0,20,92,21,73,7
nrocinUcitsyM,20,,6125,5872,95.86938776,1,26,54,20,53,22
nycola,37,us,6383,6209,97.27400909,0,15,84,13,24,43
o_punhal,,,101,92,91.08910891,0,8,61,7,5,96
oj109,20,uk,12438,12358,99.35680978,0,45,92,54,62,9
overscore_,39,us,17985,16855,93.71698638,0,34,37,30,33,6
pat5168,,,3592,3485,97.02115813,0,41,61,92,3,0
petite_pear,,us,102,102,100,1,29,17,87,9,9
philosophicalENTP,15,,280,262,93.57142857,0,7,78,8,56,46
pm_me_dog_picz,20,,540,532,98.51851852,1,24,50,16,8,93
pokolenie_zemsty,20,eu,370,359,97.02702703,0,0,12,92,3,22
potato_patsy,,,1018,996,97.8388998,1,94,,0,76,75
prettymuchinvisible,,,154,143,92.85714286,1,29,12,11,2,72
prinned,,,4701,3528,75.04786216,0,17,54,8,33,46
proscett,,,439,403,91.79954442,0,55,84,49,62,63
psychraticoath,26,,589,586,99.49066214,1,5,30,87,3,96
pyxlated,,,21149,20389,96.40644948,1,91,84,71,50,0
qhp,,,12135,11495,94.72599918,0,89,74,35,46,40
qiv,,us,1917,1762,91.91444966,0,28,96,25,58,82
quaerex,17,us,4138,3970,95.94006767,0,6,45,18,89,93
queenatstormsend,,us,1367,1339,97.95171909,1,18,78,22,46,14
rainzer,,,10832,10745,99.19682422,0,93,55,9,2,71
rebelrob0t,29,us,2748,2701,98.28966521,0,45,88,5,67,48
ringersnthefold,26,,515,505,98.05825243,1,65,,13,53,87
roadtonormalcy,,switzerland,127,122,96.06299213,1,86,78,7,95,33
rockonrn,,,2754,2295,83.33333333,1,15,12,20,69,36
rose-rain,18,,82,76,92.68292683,1,26,74,7,75,70
rotanocaB,,,263,221,84.03041825,1,65,74,8,5,73
rotten-bunny,23,,105,104,99.04761905,1,21,61,11,12,9
salsuarez,19,,593,584,98.48229342,0,12,84,13,84,33
santasmic,18,,4128,4013,97.21414729,0,84,1,0,69,
sarahsugarplum,,,782,761,97.31457801,1,91,12,56,51,75
sblinn,,us,20595,20165,97.91211459,0,9,30,35,46,75
scottsamonster,18,,2282,1848,80.98159509,0,8,50,16,7,40
selfreflectpls,,,15,15,100,1,70,10,49,77,49
semigon,,,79,78,98.73417722,0,82,33,35,43,27
seztomabel,31,,2083,2011,96.54344695,0,53,57,25,46,32
sha-neyney_e13,,,1189,1118,94.02859546,0,86,96,89,22,70
shmaltz_herring,35,us,2799,2754,98.39228296,0,96,92,9,2,1
shocklax24,,us,263,235,89.35361217,0,7,33,87,87,33
shortofsane,,,886,850,95.93679458,0,70,74,48,24,40
shutupimclever,,,49,45,91.83673469,1,93,84,39,89,25
slayerment,,,3903,3696,94.69638739,0,93,61,,30,0
smrtalec_ott,,,611,606,99.18166939,0,58,10,75,7,6
snapp3r,,,877,854,97.37742303,0,12,76,18,5,64
soberbean,16,,186,166,89.24731183,0,41,80,30,10,19
socio_j,,,130,130,100,1,64,68,48,34,88
sortingout,,,4,4,100,1,2,98,68,13,99
spralwers,27,,853,843,98.82766706,0,27,64,93,64,0
sprankton,26,,39575,38545,97.39734681,0,12,84,46,8,93
spyrokie,42,us,959,954,99.47862357,1,26,69,9,24,92
square0,,,575,570,99.13043478,0,24,8,4,0,5
stachldrat,28,,3227,3061,94.85590332,0,24,61,6,5,88
stargirlxotwod,,,28,25,89.28571429,0,79,19,84,82,63
stayquiet1225,32,,3694,3660,99.07958852,0,65,61,25,1,98
stellar_anomaly,41,,208,203,97.59615385,0,97,84,4,13,26
stephonrobert,,,25,24,96,1,79,96,87,62,9
stoneboulder,,,3,2,66.66666667,0,50,87,46,59,62
stopspammingme,,,337,321,95.25222552,1,40,12,8,18,71
strangest_dreams,,,258,250,96.89922481,1,70,69,49,22,93
sundancerkb,44,,763,734,96.19921363,1,82,74,46,66,9
sunflower-power,41,,3196,3155,98.71714643,1,23,16,44,35,35
tamraraf,,,259,242,93.43629344,0,70,19,26,7,8
taylorashleigh,,,795,760,95.59748428,0,93,55,29,54,32
thaneofthenns,,,31,31,100,0,53,80,13,5,48
thedollgirl,,,173,173,100,1,77,12,49,3,94
thekindlyman555,24,,7979,7754,97.18009776,0,70,26,61,16,5
thenewnum2,18,,4702,4322,91.91833262,0,74,16,8,72,58
thenowhereman36,27,,685,667,97.37226277,0,51,88,21,38,25
thisthisoneone,,,963,688,71.44340602,1,89,84,88,82,9
throwaway_3216,,,77,68,88.31168831,0,50,90,18,80,43
timpleofdoom,,,120,117,97.5,0,70,80,25,50,0
tjvh,,,233,145,62.23175966,1,38,33,8,14,89
toastmannn,,,403,376,93.30024814,0,41,45,13,16,75
tokyoites,,,16,11,68.75,0,60,50,49,30,94
tplank44,19,,135,129,95.55555556,0,17,3,92,6,5
tpowpoww,22,us,3421,3193,93.33528208,1,93,84,21,93,36
treeface99,,,1527,1481,96.9875573,0,8,80,3,6,98
vayyiqra,,,11727,11365,96.91310651,0,23,50,46,12,73
verandablue,31,,966,950,98.3436853,0,11,30,22,1,54
videohuevos,,,681,651,95.59471366,0,50,24,49,5,7
violet_fire,,,88,70,79.54545455,0,98,12,98,0,52
vipertongn,26,us,3970,3852,97.02770781,0,79,90,18,95,30
vissil,,,65,65,100,0,6,96,85,76,28
voldemortslayer,,,228,203,89.03508772,0,91,92,29,70,75
vufka,30,canada,636,627,98.58490566,1,23,93,13,27,95
washin_machine,,,3,3,100,0,1,61,3,4,99
weloveheidi,,,466,423,90.77253219,1,95,37,87,80,43
werttrew,41,,4177,4041,96.74407469,0,89,10,35,46,5
wgbfive,,,100,92,92,0,5,98,13,86,2
whatareblackhole,,,872,765,87.7293578,0,40,74,90,98,1
whosician,19,,431,426,98.83990719,0,55,50,26,24,58
wonderfulshoes,,,211,199,94.31279621,0,75,19,8,58,63
wzeller,,,124,121,97.58064516,0,70,92,8,35,13
xAcesHighx,,,971,841,86.61174047,0,97,74,13,94,51
xangria,24,,2163,2128,98.38187702,0,91,57,65,22,40
xanthraxoid,37,,4058,3934,96.94430754,0,86,45,8,62,72
xen0ph0n,,,419,418,99.76133652,0,5,,92,76,85
xenomouse,,,5617,5581,99.35908848,1,26,93,49,70,16
xzack18,,,877,851,97.03534778,0,4,19,11,27,16
xzisium,,,118,115,97.45762712,0,21,9,18,7,56
youscarymotherfucker,,,273,270,98.9010989,1,94,68,60,18,52
yunglethe,20,,1377,1343,97.5308642,1,12,87,7,20,93
BigMcK_,,,662,603,91.08761329,0,32,69,34,0,4
DI3MONDD,23,,182,175,96.15384615,1,94,92,41,18,27
DoctorMolotov,,eu,3178,3090,97.23096287,0,87,82,37,26,24
DownInDemerara,41,,9160,9041,98.70087336,1,2,98,88,0,20
EloquentSolitude,,,1460,1405,96.23287671,0,57,97,91,0,0
Enthalpy00,26,,101,99,98.01980198,0,70,98,80,15,62
EntrepreneurHughes,,,395,381,96.4556962,0,99,94,5,32,0
FarageIsHero,,,6583,5796,88.0449643,0,70,95,66,0,9
Gusmaz,20,,843,687,81.49466192,0,26,64,34,0,54
Nichotal,28,,2220,2206,99.36936937,0,29,65,65,0,5
Tr2v,,,15591,14983,96.10031428,1,0,70,98,4,0
Vahlemon,,,130,130,100,0,54,19,65,10,0
Violet_Viola,,,15,15,100,1,3,75,55,7,58
ViperSRT3g,,us,22583,22094,97.83465439,0,45,69,26,0,28
Yarrvee,47,,1660,1622,97.71084337,0,99,91,3,50,0
amfournda,33,,3290,3188,96.89969605,0,67,89,38,0,83
behen-ji,,,251,247,98.4063745,0,3,99,27,7,2
bitchassshortie,16,us,1045,1001,95.78947368,0,4,43,91,18,0
ce5b,,us,1705,1673,98.12316716,0,86,94,0,89,62
cryoK,23,,2574,2088,81.11888112,0,13,28,30,3,72
gretchumuchu,,philippines,68,63,92.64705882,1,2,97,83,1,4
guiltykissu,,,288,258,89.58333333,1,21,69,1,0,37
heavygenesis,,,1509,1424,94.36713055,0,54,99,83,89,5
irlhomosapien,,,111,100,90.09009009,0,67,61,1,83,0
jadad21,22,germany,676,603,89.20118343,0,60,97,19,53,15
jermofo,36,,4726,4698,99.4075328,0,70,92,81,7,5
khaannn,,,274,262,95.62043796,0,0,85,43,0,11
linkedlister,,,979,912,93.15628192,0,36,36,38,13,0
littlelightningbug,,,672,514,76.48809524,1,99,99,44,3,97
mami51421,,,364,321,88.18681319,1,36,65,52,21,7
milkofregret,,,331,295,89.12386707,0,90,75,77,2,0
mousezard,18,,117,99,84.61538462,0,14,93,21,70,34
nobodydy12,,,971,950,97.83728115,0,15,58,69,10,92
pungens,,,196,186,94.89795918,0,50,87,93,2,1
quakeroaks,21,,908,901,99.22907489,1,3,85,19,50,92
rrgjl,29,,1070,1056,98.69158879,0,0,92,52,1,79
seldomvanilla,,,57,54,94.73684211,1,21,96,86,32,0
singledecade,,,22,20,90.90909091,1,84,78,56,0,2
turncloak471,,,211,208,98.57819905,0,6,91,88,15,4
yrelav_dnomyar,24,,77,73,94.80519481,1,13,42,97,0,7
